Date,Category,Description,Amount,Payment_Method,Fixed,Essential,Satisfaction
2025-01-01,교육,영어 강의,70000,계좌이체,True,False,3.0
2025-01-01,문화/여가,교보문고,42000,현금,False,False,1.0
2025-01-01,문화/여가,볼링장,5000,현금,False,False,1.0
2025-01-02,식비,삼겹살집,21000,신용카드,False,True,
2025-01-02,교육,교재구입,80000,체크카드,True,True,
2025-01-02,식비,투썸플레이스,6000,계좌이체,False,False,3.0
2025-01-02,문화/여가,야구장,46000,체크카드,False,False,3.0
2025-01-03,문화/여가,롯데월드,40000,계좌이체,False,True,
2025-01-03,문화/여가,볼링장,31000,계좌이체,False,False,3.0
2025-01-03,주거/통신,도시가스,30000,계좌이체,True,True,
2025-01-04,교통비,택시,5200,체크카드,False,False,3.0
2025-01-04,문화/여가,야구장,36000,현금,False,False,4.0
2025-01-04,쇼핑,무인양품,105000,체크카드,False,False,3.0
2025-01-04,교통비,버스,8300,신용카드,False,True,
2025-01-04,식비,김밥천국,5000,체크카드,False,True,
2025-01-05,교통비,버스,5800,체크카드,False,True,
2025-01-05,쇼핑,네이버쇼핑,27000,신용카드,False,False,3.0
2025-01-05,식비,배달의민족,25000,체크카드,False,False,2.0
2025-01-05,식비,김밥천국,12000,체크카드,False,True,
2025-01-06,식비,맥도날드,4000,현금,False,False,3.0
2025-01-06,교통비,버스,3300,현금,False,True,
2025-01-06,문화/여가,PC방,44000,계좌이체,False,False,4.0
2025-01-06,쇼핑,네이버쇼핑,7000,현금,False,False,3.0
2025-01-06,교통비,SK주유소,1800,계좌이체,False,True,
2025-01-06,식비,김밥천국,7000,현금,False,True,
2025-01-06,식비,쿠팡이츠,20000,계좌이체,False,False,3.0
2025-01-07,식비,삼겹살집,19000,계좌이체,False,False,3.0
2025-01-08,교통비,SK주유소,3000,체크카드,False,True,
2025-01-08,교통비,SK주유소,5200,계좌이체,False,True,
2025-01-08,주거/통신,인터넷요금,35000,계좌이체,True,True,
2025-01-08,쇼핑,ZARA,124000,신용카드,False,False,3.0
2025-01-08,식비,쿠팡이츠,17000,신용카드,False,False,3.0
2025-01-08,쇼핑,ZARA,125000,계좌이체,False,False,4.0
2025-01-08,교통비,SK주유소,4000,계좌이체,False,False,2.0
2025-01-08,교통비,GS칼텍스,1800,신용카드,False,True,
2025-01-09,문화/여가,교보문고,26000,체크카드,False,False,3.0
2025-01-09,의료/건강,약국,37000,신용카드,False,True,
2025-01-09,식비,쿠팡이츠,16000,계좌이체,False,False,2.0
2025-01-09,교통비,카카오T,3000,현금,False,True,
2025-01-10,교통비,버스,8900,체크카드,False,True,
2025-01-10,교통비,버스,400,현금,False,True,
2025-01-11,쇼핑,무신사,73000,현금,False,False,2.0
2025-01-11,식비,삼겹살집,4000,체크카드,False,False,3.0
2025-01-11,식비,스타벅스,10000,계좌이체,False,False,1.0
2025-01-11,식비,이마트24,20000,체크카드,False,True,
2025-01-11,교육,인프런,80000,체크카드,True,True,
2025-01-12,주거/통신,SKT통신비,30000,계좌이체,True,True,
2025-01-12,교통비,카카오T,7800,신용카드,False,True,
2025-01-12,교육,영어 강의,80000,현금,True,True,
2025-01-12,교통비,택시,9100,계좌이체,False,False,3.0
2025-01-13,쇼핑,쿠팡,10000,체크카드,False,True,
2025-01-13,식비,이마트24,7000,계좌이체,False,True,
2025-01-13,교통비,카카오T,5400,체크카드,False,True,
2025-01-13,문화/여가,멜론,8000,신용카드,True,False,3.0
2025-01-13,식비,김밥천국,10000,체크카드,False,False,4.0
2025-01-13,식비,구내식당,19000,신용카드,False,True,
2025-01-14,교통비,지하철,7900,신용카드,False,True,
2025-01-14,식비,이마트24,4000,현금,False,True,
2025-01-14,주거/통신,관리비,35000,계좌이체,True,True,
2025-01-14,식비,투썸플레이스,9000,체크카드,False,False,5.0
2025-01-14,문화/여가,CGV,12000,계좌이체,False,False,3.0
2025-01-15,식비,이마트24,4000,계좌이체,False,False,2.0
2025-01-15,쇼핑,유니클로,85000,체크카드,False,False,2.0
2025-01-15,문화/여가,롯데월드,49000,현금,False,False,3.0
2025-01-15,문화/여가,PC방,22000,계좌이체,False,False,1.0
2025-01-15,쇼핑,네이버쇼핑,50000,현금,False,True,
2025-01-16,쇼핑,무인양품,27000,현금,False,False,3.0
2025-01-16,쇼핑,무인양품,114000,현금,False,False,3.0
2025-01-16,문화/여가,야구장,25000,계좌이체,False,False,3.0
2025-01-17,쇼핑,쿠팡,118000,신용카드,False,False,3.0
2025-01-17,문화/여가,CGV,36000,신용카드,False,False,4.0
2025-01-17,쇼핑,다이소,16000,계좌이체,False,True,
2025-01-18,쇼핑,올리브영,96000,계좌이체,False,True,
2025-01-18,의료/건강,헬스장할부,28000,현금,False,False,4.0
2025-01-18,문화/여가,유튜브프리미엄,15000,신용카드,True,False,3.0
2025-01-18,교통비,SK주유소,8400,계좌이체,False,True,
2025-01-18,교통비,코레일,2500,신용카드,False,True,
2025-01-18,교통비,GS칼텍스,2500,현금,False,True,
2025-01-19,식비,배달의민족,8000,신용카드,False,False,3.0
2025-01-19,교통비,택시,400,현금,False,False,4.0
2025-01-19,쇼핑,네이버쇼핑,90000,신용카드,False,False,3.0
2025-01-19,문화/여가,야구장,50000,체크카드,False,False,3.0
2025-01-20,쇼핑,올리브영,53000,체크카드,False,False,4.0
2025-01-20,문화/여가,PC방,9000,계좌이체,False,False,5.0
2025-01-20,식비,구내식당,9000,신용카드,False,True,
2025-01-20,교통비,지하철,7500,계좌이체,False,True,
2025-01-21,쇼핑,유니클로,121000,계좌이체,False,False,1.0
2025-01-21,교통비,버스,2100,체크카드,False,True,
2025-01-22,문화/여가,넷플릭스,12000,신용카드,True,False,2.0
2025-01-22,문화/여가,쿠팡와우,6000,신용카드,True,False,3.0
2025-01-22,기타,경조사비,70000,현금,False,False,4.0
2025-01-22,식비,쿠팡이츠,22000,현금,False,False,1.0
2025-01-22,의료/건강,내과,24000,체크카드,False,True,
2025-01-22,식비,투썸플레이스,15000,현금,False,False,2.0
2025-01-23,문화/여가,교보문고,25000,계좌이체,False,False,4.0
2025-01-23,쇼핑,다이소,55000,계좌이체,False,True,
2025-01-23,교통비,코레일,6900,계좌이체,False,True,
2025-01-23,식비,구내식당,15000,신용카드,False,True,
2025-01-23,교육,인프런,60000,현금,True,True,
2025-01-24,의료/건강,약국,31000,체크카드,False,True,
2025-01-24,식비,김밥천국,8000,현금,False,True,
2025-01-24,교통비,SK주유소,3100,현금,False,True,
2025-01-25,주거/통신,월세,500000,계좌이체,True,True,
2025-01-25,식비,쿠팡이츠,23000,체크카드,False,False,5.0
2025-01-25,식비,스타벅스,14000,신용카드,False,False,2.0
2025-01-25,식비,GS25,24000,현금,False,True,
2025-01-25,식비,이마트24,13000,계좌이체,False,True,
2025-01-25,식비,김밥천국,9000,체크카드,False,True,
2025-01-26,식비,쿠팡이츠,24000,계좌이체,False,False,5.0
2025-01-26,교통비,택시,6000,현금,False,False,4.0
2025-01-26,쇼핑,올리브영,110000,현금,False,False,3.0
2025-01-27,식비,투썸플레이스,12000,신용카드,False,False,3.0
2025-01-27,교통비,코레일,7700,계좌이체,False,True,
2025-01-27,쇼핑,유니클로,123000,신용카드,False,False,2.0
2025-01-27,문화/여가,ChatGPT,5000,신용카드,True,False,3.0
2025-01-28,식비,투썸플레이스,8000,현금,False,False,2.0
2025-01-28,쇼핑,무신사,66000,체크카드,False,False,3.0
2025-01-28,교통비,택시,7800,체크카드,False,False,3.0
2025-01-29,교통비,카카오T,1200,현금,False,True,
2025-01-29,문화/여가,볼링장,42000,신용카드,False,False,4.0
2025-01-29,교통비,코레일,3300,신용카드,False,True,
2025-01-29,식비,삼겹살집,8000,계좌이체,False,False,2.0
2025-01-29,식비,삼겹살집,10000,체크카드,False,False,3.0
2025-01-29,쇼핑,다이소,137000,계좌이체,False,True,
2025-01-30,쇼핑,무신사,29000,현금,False,True,
2025-01-30,교통비,코레일,5200,계좌이체,False,True,
2025-01-30,식비,배달의민족,12000,신용카드,False,False,4.0
2025-01-30,쇼핑,ZARA,88000,현금,False,False,5.0
2025-01-31,식비,김밥천국,5000,체크카드,False,True,
2025-01-31,교통비,코레일,8200,현금,False,False,5.0
2025-02-01,쇼핑,유니클로,54000,신용카드,False,False,4.0
2025-02-01,주거/통신,SKT통신비,30000,계좌이체,True,True,
2025-02-01,쇼핑,올리브영,117000,현금,False,False,4.0
2025-02-02,주거/통신,인터넷요금,40000,계좌이체,True,True,
2025-02-02,교통비,카카오T,3600,계좌이체,False,True,
2025-02-02,의료/건강,내과,25000,신용카드,False,True,
2025-02-02,식비,쿠팡이츠,5000,현금,False,False,4.0
2025-02-02,문화/여가,유튜브프리미엄,14000,신용카드,True,False,4.0
2025-02-02,식비,배달의민족,13000,계좌이체,False,False,3.0
2025-02-02,문화/여가,볼링장,23000,신용카드,False,False,4.0
2025-02-03,식비,삼겹살집,14000,계좌이체,False,False,4.0
2025-02-04,식비,이마트24,13000,계좌이체,False,True,
2025-02-04,식비,쿠팡이츠,11000,현금,False,True,
2025-02-04,문화/여가,교보문고,12000,체크카드,False,False,5.0
2025-02-04,쇼핑,쿠팡,137000,체크카드,False,False,5.0
2025-02-04,교통비,SK주유소,500,신용카드,False,True,
2025-02-04,쇼핑,네이버쇼핑,102000,현금,False,False,4.0
2025-02-04,식비,이마트24,14000,계좌이체,False,True,
2025-02-05,문화/여가,CGV,10000,신용카드,False,False,4.0
2025-02-05,문화/여가,PC방,13000,신용카드,False,False,3.0
2025-02-05,교통비,카카오T,2300,체크카드,False,True,
2025-02-05,의료/건강,내과,28000,계좌이체,False,False,4.0
2025-02-05,교통비,SK주유소,7600,신용카드,False,True,
2025-02-05,문화/여가,넷플릭스,8000,신용카드,True,False,5.0
2025-02-05,식비,투썸플레이스,7000,계좌이체,False,True,
2025-02-05,식비,투썸플레이스,15000,현금,False,False,3.0
2025-02-05,문화/여가,교보문고,31000,계좌이체,False,False,3.0
2025-02-05,문화/여가,CGV,34000,계좌이체,False,False,2.0
2025-02-06,교통비,코레일,400,신용카드,False,True,
2025-02-06,교통비,SK주유소,4200,계좌이체,False,False,3.0
2025-02-06,식비,스타벅스,15000,신용카드,False,False,1.0
2025-02-06,식비,투썸플레이스,10000,체크카드,False,False,3.0
2025-02-06,식비,맥도날드,12000,신용카드,False,False,3.0
2025-02-06,식비,GS25,10000,계좌이체,False,True,
2025-02-06,교통비,지하철,8200,계좌이체,False,True,
2025-02-06,식비,쿠팡이츠,10000,계좌이체,False,False,3.0
2025-02-07,의료/건강,내과,31000,현금,False,True,
2025-02-07,식비,김밥천국,21000,신용카드,False,True,
2025-02-07,쇼핑,유니클로,135000,현금,False,False,3.0
2025-02-07,식비,GS25,11000,현금,False,True,
2025-02-08,식비,배달의민족,10000,신용카드,False,False,3.0
2025-02-08,문화/여가,야구장,46000,현금,False,True,
2025-02-08,쇼핑,무신사,127000,체크카드,False,False,3.0
2025-02-08,문화/여가,교보문고,36000,체크카드,False,False,3.0
2025-02-09,쇼핑,ZARA,14000,체크카드,False,False,4.0
2025-02-09,식비,이마트24,14000,현금,False,True,
2025-02-09,교통비,카카오T,5700,신용카드,False,True,
2025-02-09,의료/건강,치과,39000,신용카드,False,True,
2025-02-09,주거/통신,도시가스,45000,계좌이체,True,True,
2025-02-09,식비,쿠팡이츠,9000,계좌이체,False,True,
2025-02-10,교통비,택시,6000,체크카드,False,False,5.0
2025-02-10,식비,GS25,17000,체크카드,False,True,
2025-02-10,식비,구내식당,14000,신용카드,False,True,
2025-02-10,식비,투썸플레이스,19000,체크카드,False,False,1.0
2025-02-11,쇼핑,무신사,59000,신용카드,False,True,
2025-02-11,식비,맥도날드,18000,신용카드,False,False,3.0
2025-02-11,기타,경조사비,50000,신용카드,False,False,3.0
2025-02-11,식비,구내식당,11000,신용카드,False,True,
2025-02-11,교육,토익접수,70000,현금,True,True,
2025-02-11,문화/여가,야구장,32000,신용카드,False,False,3.0
2025-02-12,교통비,GS칼텍스,5900,체크카드,False,True,
2025-02-12,문화/여가,PC방,24000,계좌이체,False,False,2.0
2025-02-12,기타,경조사비,50000,현금,False,False,3.0
2025-02-12,식비,맥도날드,16000,신용카드,False,False,2.0
2025-02-13,의료/건강,약국,40000,현금,False,True,
2025-02-13,식비,스타벅스,16000,신용카드,False,False,1.0
2025-02-13,쇼핑,쿠팡,39000,체크카드,False,False,4.0
2025-02-13,쇼핑,다이소,11000,계좌이체,False,True,
2025-02-14,식비,스타벅스,17000,현금,False,False,3.0
2025-02-14,쇼핑,무인양품,92000,체크카드,False,False,1.0
2025-02-14,교통비,코레일,8800,현금,False,True,
2025-02-15,쇼핑,올리브영,124000,체크카드,False,False,4.0
2025-02-15,문화/여가,쿠팡와우,5000,신용카드,True,False,3.0
2025-02-16,식비,맥도날드,19000,계좌이체,False,False,3.0
2025-02-16,식비,구내식당,20000,체크카드,False,True,
2025-02-16,교통비,지하철,1300,체크카드,False,False,3.0
2025-02-16,주거/통신,관리비,40000,계좌이체,True,True,
2025-02-16,식비,이마트24,16000,계좌이체,False,True,
2025-02-16,문화/여가,야구장,8000,체크카드,False,True,
2025-02-17,교통비,택시,9600,신용카드,False,False,2.0
2025-02-17,교통비,택시,1700,신용카드,False,True,
2025-02-17,식비,투썸플레이스,6000,체크카드,False,False,3.0
2025-02-17,식비,쿠팡이츠,12000,체크카드,False,False,2.0
2025-02-17,식비,김밥천국,10000,현금,False,True,
2025-02-18,교통비,코레일,6800,현금,False,True,
2025-02-18,문화/여가,교보문고,6000,체크카드,False,False,3.0
2025-02-18,식비,맥도날드,15000,현금,False,False,4.0
2025-02-18,식비,김밥천국,11000,신용카드,False,True,
2025-02-19,식비,이마트24,14000,체크카드,False,False,4.0
2025-02-19,교통비,SK주유소,5400,체크카드,False,True,
2025-02-20,문화/여가,ChatGPT,10000,신용카드,True,False,3.0
2025-02-20,문화/여가,교보문고,39000,신용카드,False,False,1.0
2025-02-20,교통비,지하철,1400,신용카드,False,True,
2025-02-20,문화/여가,야구장,28000,현금,False,False,5.0
2025-02-20,쇼핑,다이소,123000,체크카드,False,True,
2025-02-21,식비,삼겹살집,21000,현금,False,True,
2025-02-21,식비,구내식당,19000,체크카드,False,True,
2025-02-21,쇼핑,쿠팡,103000,체크카드,False,False,2.0
2025-02-21,교통비,코레일,8900,현금,False,True,
2025-02-22,식비,투썸플레이스,8000,체크카드,False,False,2.0
2025-02-22,쇼핑,유니클로,143000,계좌이체,False,False,5.0
2025-02-22,쇼핑,유니클로,147000,신용카드,False,False,3.0
2025-02-22,쇼핑,ZARA,102000,계좌이체,False,False,5.0
2025-02-22,교통비,버스,6800,계좌이체,False,True,
2025-02-22,쇼핑,쿠팡,93000,계좌이체,False,False,4.0
2025-02-23,쇼핑,ZARA,70000,계좌이체,False,False,3.0
2025-02-23,식비,GS25,17000,신용카드,False,True,
2025-02-23,교통비,지하철,5100,신용카드,False,True,
2025-02-23,쇼핑,올리브영,91000,신용카드,False,False,1.0
2025-02-23,문화/여가,볼링장,8000,현금,False,False,4.0
2025-02-23,교통비,코레일,7700,신용카드,False,True,
2025-02-24,쇼핑,유니클로,13000,현금,False,False,3.0
2025-02-24,식비,구내식당,19000,계좌이체,False,True,
2025-02-24,식비,배달의민족,25000,신용카드,False,True,
2025-02-24,쇼핑,올리브영,86000,신용카드,False,False,4.0
2025-02-24,식비,김밥천국,7000,현금,False,True,
2025-02-25,식비,김밥천국,20000,신용카드,False,True,
2025-02-25,교통비,버스,1200,체크카드,False,True,
2025-02-25,주거/통신,월세,500000,계좌이체,True,True,
2025-02-25,문화/여가,교보문고,21000,체크카드,False,False,5.0
2025-02-26,교통비,버스,7400,계좌이체,False,True,
2025-02-26,의료/건강,정형외과,26000,현금,False,True,
2025-02-26,쇼핑,무신사,69000,계좌이체,False,False,2.0
2025-02-27,문화/여가,멜론,14000,신용카드,True,False,5.0
2025-02-28,식비,스타벅스,18000,신용카드,False,True,
2025-02-28,식비,삼겹살집,22000,계좌이체,False,False,5.0
2025-02-28,의료/건강,정형외과,47000,계좌이체,False,True,
2025-02-28,교통비,카카오T,5200,신용카드,False,True,
2025-02-28,식비,투썸플레이스,17000,신용카드,False,False,2.0
2025-02-28,식비,GS25,12000,현금,False,True,
2025-03-01,교통비,버스,7700,계좌이체,False,True,
2025-03-01,쇼핑,ZARA,144000,현금,False,False,5.0
2025-03-01,교통비,코레일,700,신용카드,False,True,
2025-03-01,쇼핑,네이버쇼핑,60000,체크카드,False,False,2.0
2025-03-01,문화/여가,교보문고,20000,계좌이체,False,False,5.0
2025-03-02,교통비,카카오T,3600,계좌이체,False,True,
2025-03-02,쇼핑,네이버쇼핑,111000,신용카드,False,False,2.0
2025-03-02,교통비,지하철,4500,계좌이체,False,True,
2025-03-02,쇼핑,무신사,47000,신용카드,False,False,4.0
2025-03-03,교통비,GS칼텍스,8600,체크카드,False,True,
2025-03-03,식비,배달의민족,18000,신용카드,False,False,5.0
2025-03-04,쇼핑,무신사,107000,현금,False,False,4.0
2025-03-05,주거/통신,관리비,25000,계좌이체,True,True,
2025-03-05,문화/여가,CGV,13000,체크카드,False,False,1.0
2025-03-05,교통비,코레일,8300,체크카드,False,True,
2025-03-05,문화/여가,야구장,25000,체크카드,False,False,4.0
2025-03-05,문화/여가,CGV,10000,현금,False,False,4.0
2025-03-06,식비,GS25,9000,현금,False,True,
2025-03-06,문화/여가,PC방,36000,현금,False,False,3.0
2025-03-07,식비,삼겹살집,17000,신용카드,False,False,4.0
2025-03-07,문화/여가,CGV,30000,계좌이체,False,False,4.0
2025-03-07,식비,삼겹살집,19000,신용카드,False,False,3.0
2025-03-07,식비,스타벅스,4000,계좌이체,False,False,2.0
2025-03-07,식비,김밥천국,22000,체크카드,False,True,
2025-03-07,식비,GS25,17000,계좌이체,False,True,
2025-03-08,식비,쿠팡이츠,17000,신용카드,False,False,1.0
2025-03-08,교통비,SK주유소,1200,신용카드,False,True,
2025-03-08,식비,스타벅스,19000,체크카드,False,False,2.0
2025-03-08,의료/건강,헬스장할부,47000,체크카드,False,True,
2025-03-08,문화/여가,PC방,12000,신용카드,False,False,4.0
2025-03-09,식비,배달의민족,15000,계좌이체,False,False,4.0
2025-03-09,문화/여가,교보문고,26000,신용카드,False,False,1.0
2025-03-09,의료/건강,정형외과,16000,체크카드,False,True,
2025-03-09,쇼핑,다이소,42000,현금,False,True,
2025-03-10,의료/건강,정형외과,15000,체크카드,False,True,
2025-03-10,교통비,버스,7300,체크카드,False,True,
2025-03-11,문화/여가,교보문고,43000,현금,False,False,5.0
2025-03-11,쇼핑,유니클로,56000,체크카드,False,False,3.0
2025-03-11,교통비,지하철,3300,현금,False,True,
2025-03-12,쇼핑,유니클로,20000,신용카드,False,False,5.0
2025-03-12,식비,이마트24,15000,신용카드,False,True,
2025-03-12,식비,구내식당,14000,신용카드,False,True,
2025-03-12,문화/여가,야구장,13000,현금,False,False,5.0
2025-03-12,식비,김밥천국,16000,체크카드,False,True,
2025-03-12,식비,GS25,14000,현금,False,True,
2025-03-12,의료/건강,헬스장할부,13000,체크카드,False,True,
2025-03-13,문화/여가,볼링장,9000,계좌이체,False,False,4.0
2025-03-13,쇼핑,올리브영,125000,체크카드,False,False,3.0
2025-03-13,주거/통신,인터넷요금,30000,계좌이체,True,True,
2025-03-14,식비,이마트24,5000,신용카드,False,True,
2025-03-14,교통비,버스,8600,체크카드,False,True,
2025-03-14,의료/건강,내과,13000,신용카드,False,False,5.0
2025-03-14,쇼핑,네이버쇼핑,122000,체크카드,False,False,1.0
2025-03-14,주거/통신,도시가스,15000,계좌이체,True,True,
2025-03-14,교통비,카카오T,7600,신용카드,False,False,5.0
2025-03-15,교통비,코레일,5600,체크카드,False,False,5.0
2025-03-15,의료/건강,정형외과,50000,계좌이체,False,True,
2025-03-15,식비,삼겹살집,19000,신용카드,False,False,1.0
2025-03-15,문화/여가,PC방,12000,계좌이체,False,False,3.0
2025-03-16,교통비,GS칼텍스,8400,신용카드,False,True,
2025-03-16,쇼핑,쿠팡,8000,계좌이체,False,False,4.0
2025-03-16,쇼핑,ZARA,126000,신용카드,False,False,4.0
2025-03-16,교통비,택시,8400,계좌이체,False,False,2.0
2025-03-17,교통비,버스,8200,신용카드,False,True,
2025-03-17,식비,김밥천국,9000,현금,False,False,2.0
2025-03-17,쇼핑,쿠팡,21000,신용카드,False,False,4.0
2025-03-17,문화/여가,야구장,20000,현금,False,False,4.0
2025-03-17,의료/건강,약국,10000,신용카드,False,True,
2025-03-17,식비,구내식당,21000,현금,False,True,
2025-03-17,식비,투썸플레이스,16000,신용카드,False,False,3.0
2025-03-18,문화/여가,PC방,29000,계좌이체,False,False,3.0
2025-03-18,쇼핑,네이버쇼핑,30000,현금,False,False,4.0
2025-03-18,교통비,택시,9500,신용카드,False,False,5.0
2025-03-18,쇼핑,무신사,10000,계좌이체,False,False,4.0
2025-03-19,의료/건강,내과,9000,신용카드,False,True,
2025-03-19,주거/통신,SKT통신비,30000,계좌이체,True,True,
2025-03-19,교통비,지하철,5500,계좌이체,False,True,
2025-03-19,문화/여가,멜론,15000,신용카드,True,False,2.0
2025-03-20,의료/건강,내과,9000,계좌이체,False,True,
2025-03-20,교통비,코레일,6500,현금,False,True,
2025-03-21,교통비,카카오T,4000,체크카드,False,True,
2025-03-21,식비,GS25,20000,계좌이체,False,True,
2025-03-21,문화/여가,PC방,22000,현금,False,False,1.0
2025-03-21,식비,투썸플레이스,25000,현금,False,False,5.0
2025-03-21,교통비,코레일,1500,현금,False,True,
2025-03-21,교육,토익접수,30000,체크카드,True,True,
2025-03-22,쇼핑,다이소,139000,신용카드,False,False,5.0
2025-03-22,문화/여가,야구장,16000,계좌이체,False,False,3.0
2025-03-22,교통비,버스,5900,현금,False,False,3.0
2025-03-23,쇼핑,무신사,59000,신용카드,False,False,3.0
2025-03-23,식비,맥도날드,22000,현금,False,False,5.0
2025-03-23,식비,구내식당,11000,계좌이체,False,True,
2025-03-24,쇼핑,유니클로,9000,계좌이체,False,False,3.0
2025-03-24,식비,스타벅스,20000,현금,False,False,1.0
2025-03-25,문화/여가,CGV,50000,계좌이체,False,True,
2025-03-25,식비,삼겹살집,13000,신용카드,False,False,4.0
2025-03-25,교통비,지하철,5100,신용카드,False,True,
2025-03-25,쇼핑,ZARA,42000,체크카드,False,False,4.0
2025-03-25,문화/여가,ChatGPT,10000,신용카드,True,False,2.0
2025-03-25,교통비,SK주유소,5800,현금,False,False,2.0
2025-03-25,주거/통신,월세,500000,계좌이체,True,True,
2025-03-26,교통비,지하철,5100,신용카드,False,True,
2025-03-26,식비,맥도날드,15000,신용카드,False,False,3.0
2025-03-26,교통비,버스,5400,체크카드,False,False,3.0
2025-03-26,문화/여가,유튜브프리미엄,14000,신용카드,True,False,3.0
2025-03-26,문화/여가,CGV,9000,신용카드,False,True,
2025-03-26,식비,쿠팡이츠,4000,계좌이체,False,False,2.0
2025-03-27,문화/여가,CGV,36000,계좌이체,False,False,4.0
2025-03-27,쇼핑,다이소,7000,현금,False,True,
2025-03-27,쇼핑,무인양품,148000,계좌이체,False,False,3.0
2025-03-27,식비,배달의민족,7000,현금,False,False,5.0
2025-03-27,문화/여가,쿠팡와우,8000,신용카드,True,False,3.0
2025-03-28,교통비,코레일,9200,신용카드,False,True,
2025-03-28,식비,맥도날드,22000,계좌이체,False,False,4.0
2025-03-29,쇼핑,ZARA,60000,신용카드,False,False,3.0
2025-03-29,교통비,카카오T,1000,계좌이체,False,True,
2025-03-29,문화/여가,교보문고,6000,계좌이체,False,False,4.0
2025-03-29,식비,이마트24,9000,현금,False,True,
2025-03-29,교통비,SK주유소,5500,체크카드,False,True,
2025-03-29,문화/여가,넷플릭스,12000,신용카드,True,False,1.0
2025-03-29,식비,이마트24,23000,신용카드,False,True,
2025-03-30,식비,이마트24,10000,체크카드,False,False,3.0
2025-03-30,교육,교재구입,30000,신용카드,True,True,
2025-03-30,쇼핑,쿠팡,52000,신용카드,False,False,2.0
2025-03-30,교통비,지하철,9200,계좌이체,False,True,
2025-03-31,교통비,버스,6500,현금,False,True,
2025-03-31,식비,쿠팡이츠,15000,현금,False,False,2.0
2025-03-31,교통비,GS칼텍스,9300,현금,False,True,
2025-03-31,의료/건강,치과,43000,현금,False,True,
2025-03-31,식비,배달의민족,15000,계좌이체,False,False,5.0
2025-04-01,식비,김밥천국,15000,계좌이체,False,True,
2025-04-01,식비,스타벅스,9000,신용카드,False,False,3.0
2025-04-01,식비,GS25,4000,계좌이체,False,True,
2025-04-01,교통비,GS칼텍스,6900,현금,False,True,
2025-04-02,교통비,GS칼텍스,3600,체크카드,False,True,
2025-04-03,문화/여가,교보문고,49000,체크카드,False,False,5.0
2025-04-03,식비,구내식당,14000,계좌이체,False,True,
2025-04-03,교육,교재구입,60000,신용카드,True,True,
2025-04-03,문화/여가,야구장,24000,계좌이체,False,False,3.0
2025-04-03,식비,투썸플레이스,18000,현금,False,False,1.0
2025-04-03,쇼핑,다이소,102000,신용카드,False,True,
2025-04-03,문화/여가,야구장,45000,체크카드,False,False,3.0
2025-04-03,교통비,GS칼텍스,8200,체크카드,False,True,
2025-04-03,식비,삼겹살집,24000,현금,False,False,4.0
2025-04-04,식비,맥도날드,9000,계좌이체,False,False,4.0
2025-04-04,쇼핑,네이버쇼핑,124000,체크카드,False,False,1.0
2025-04-04,의료/건강,헬스장할부,17000,신용카드,False,True,
2025-04-05,문화/여가,볼링장,49000,현금,False,False,5.0
2025-04-05,문화/여가,롯데월드,26000,현금,False,False,2.0
2025-04-05,교통비,SK주유소,1900,계좌이체,False,True,
2025-04-06,교통비,코레일,7400,현금,False,True,
2025-04-06,주거/통신,관리비,35000,계좌이체,True,True,
2025-04-06,식비,GS25,5000,현금,False,False,5.0
2025-04-07,식비,투썸플레이스,10000,계좌이체,False,False,4.0
2025-04-07,교통비,지하철,4500,체크카드,False,True,
2025-04-08,주거/통신,도시가스,50000,계좌이체,True,True,
2025-04-08,식비,김밥천국,16000,체크카드,False,True,
2025-04-08,교육,인프런,70000,체크카드,True,True,
2025-04-08,쇼핑,올리브영,146000,체크카드,False,False,3.0
2025-04-08,식비,투썸플레이스,11000,계좌이체,False,False,3.0
2025-04-08,식비,구내식당,20000,현금,False,True,
2025-04-08,식비,김밥천국,4000,체크카드,False,True,
2025-04-09,기타,모임회비,30000,계좌이체,False,False,3.0
2025-04-09,교통비,택시,4200,신용카드,False,False,4.0
2025-04-09,기타,경조사비,100000,계좌이체,False,False,4.0
2025-04-09,식비,삼겹살집,17000,체크카드,False,False,5.0
2025-04-09,식비,GS25,21000,체크카드,False,False,3.0
2025-04-09,쇼핑,네이버쇼핑,37000,현금,False,False,3.0
2025-04-10,교통비,코레일,6700,체크카드,False,True,
2025-04-10,교통비,코레일,1100,체크카드,False,True,
2025-04-10,쇼핑,무인양품,143000,신용카드,False,False,4.0
2025-04-10,문화/여가,교보문고,46000,체크카드,False,False,5.0
2025-04-11,식비,구내식당,20000,신용카드,False,True,
2025-04-11,교통비,택시,900,신용카드,False,False,3.0
2025-04-11,교통비,GS칼텍스,2300,체크카드,False,True,
2025-04-11,문화/여가,교보문고,30000,체크카드,False,True,
2025-04-11,문화/여가,ChatGPT,12000,신용카드,True,False,5.0
2025-04-11,문화/여가,야구장,16000,현금,False,False,2.0
2025-04-11,문화/여가,롯데월드,39000,신용카드,False,False,3.0
2025-04-12,식비,삼겹살집,8000,현금,False,False,4.0
2025-04-12,교통비,코레일,1500,신용카드,False,True,
2025-04-12,식비,이마트24,5000,체크카드,False,True,
2025-04-13,교육,토익접수,20000,신용카드,True,True,
2025-04-13,쇼핑,올리브영,56000,계좌이체,False,False,4.0
2025-04-13,식비,삼겹살집,9000,신용카드,False,False,3.0
2025-04-13,식비,배달의민족,23000,신용카드,False,False,2.0
2025-04-14,교통비,지하철,900,현금,False,True,
2025-04-14,식비,배달의민족,20000,계좌이체,False,False,2.0
2025-04-14,교통비,SK주유소,9300,현금,False,True,
2025-04-15,쇼핑,무신사,99000,계좌이체,False,False,3.0
2025-04-15,문화/여가,볼링장,34000,계좌이체,False,False,3.0
2025-04-15,교통비,택시,700,계좌이체,False,False,4.0
2025-04-15,식비,GS25,15000,신용카드,False,True,
2025-04-15,문화/여가,야구장,20000,계좌이체,False,False,2.0
2025-04-16,식비,배달의민족,7000,현금,False,False,4.0
2025-04-16,식비,이마트24,24000,신용카드,False,True,
2025-04-16,쇼핑,네이버쇼핑,81000,체크카드,False,True,
2025-04-16,식비,GS25,17000,신용카드,False,True,
2025-04-16,식비,삼겹살집,7000,신용카드,False,True,
2025-04-16,기타,경조사비,40000,현금,False,False,2.0
2025-04-16,식비,GS25,11000,현금,False,True,
2025-04-18,문화/여가,CGV,35000,체크카드,False,False,5.0
2025-04-18,교통비,택시,4100,현금,False,False,4.0
2025-04-18,식비,맥도날드,13000,현금,False,False,2.0
2025-04-19,기타,모임회비,90000,계좌이체,False,False,3.0
2025-04-19,식비,쿠팡이츠,5000,신용카드,False,False,3.0
2025-04-19,식비,김밥천국,4000,계좌이체,False,True,
2025-04-19,쇼핑,무인양품,21000,신용카드,False,False,3.0
2025-04-20,의료/건강,치과,47000,체크카드,False,False,2.0
2025-04-20,문화/여가,멜론,15000,신용카드,True,False,3.0
2025-04-20,쇼핑,ZARA,110000,신용카드,False,False,3.0
2025-04-21,문화/여가,야구장,38000,체크카드,False,False,4.0
2025-04-21,쇼핑,유니클로,143000,현금,False,False,3.0
2025-04-21,쇼핑,네이버쇼핑,5000,계좌이체,False,False,2.0
2025-04-21,식비,GS25,12000,계좌이체,False,True,
2025-04-21,주거/통신,SKT통신비,15000,계좌이체,True,True,
2025-04-21,식비,구내식당,11000,현금,False,True,
2025-04-22,쇼핑,ZARA,5000,현금,False,False,4.0
2025-04-22,문화/여가,CGV,21000,체크카드,False,False,2.0
2025-04-22,의료/건강,헬스장할부,47000,체크카드,False,True,
2025-04-23,의료/건강,약국,38000,체크카드,False,True,
2025-04-23,쇼핑,올리브영,104000,계좌이체,False,False,3.0
2025-04-23,식비,이마트24,24000,신용카드,False,True,
2025-04-23,문화/여가,쿠팡와우,14000,신용카드,True,False,2.0
2025-04-23,쇼핑,네이버쇼핑,116000,신용카드,False,False,4.0
2025-04-23,식비,삼겹살집,8000,체크카드,False,False,3.0
2025-04-23,문화/여가,PC방,26000,신용카드,False,False,3.0
2025-04-24,식비,이마트24,12000,체크카드,False,True,
2025-04-24,교통비,지하철,1600,현금,False,True,
2025-04-24,문화/여가,교보문고,32000,신용카드,False,False,4.0
2025-04-24,쇼핑,무신사,149000,현금,False,False,4.0
2025-04-25,주거/통신,월세,500000,계좌이체,True,True,
2025-04-26,쇼핑,무신사,102000,신용카드,False,False,3.0
2025-04-26,의료/건강,내과,43000,신용카드,False,False,4.0
2025-04-27,교육,토익접수,80000,계좌이체,True,True,
2025-04-27,교통비,버스,2900,신용카드,False,True,
2025-04-27,문화/여가,유튜브프리미엄,15000,신용카드,True,False,3.0
2025-04-27,교통비,코레일,10000,계좌이체,False,True,
2025-04-27,문화/여가,PC방,42000,신용카드,False,True,
2025-04-27,문화/여가,교보문고,38000,신용카드,False,True,
2025-04-28,주거/통신,인터넷요금,45000,계좌이체,True,True,
2025-04-28,문화/여가,CGV,23000,계좌이체,False,True,
2025-04-29,식비,김밥천국,14000,현금,False,True,
2025-04-29,쇼핑,무인양품,33000,체크카드,False,False,3.0
2025-04-29,식비,삼겹살집,14000,현금,False,False,5.0
2025-04-29,의료/건강,약국,13000,체크카드,False,True,
2025-04-29,교통비,택시,5300,체크카드,False,False,3.0
2025-04-29,식비,맥도날드,21000,신용카드,False,False,3.0
2025-04-29,교통비,지하철,7400,계좌이체,False,True,
2025-04-30,식비,GS25,23000,신용카드,False,True,
2025-04-30,문화/여가,야구장,29000,신용카드,False,False,4.0
2025-04-30,문화/여가,교보문고,9000,신용카드,False,False,3.0
2025-04-30,문화/여가,PC방,17000,현금,False,False,4.0
2025-04-30,쇼핑,다이소,99000,현금,False,True,
2025-04-30,문화/여가,넷플릭스,7000,신용카드,True,False,1.0
2025-04-30,교통비,카카오T,6700,신용카드,False,True,
2025-04-30,교통비,카카오T,10000,체크카드,False,True,
2025-04-30,문화/여가,교보문고,7000,체크카드,False,False,5.0
2025-04-30,교통비,버스,7300,계좌이체,False,True,
2025-04-30,쇼핑,올리브영,146000,신용카드,False,False,4.0
2025-05-01,교육,토익접수,80000,계좌이체,True,True,
2025-05-01,식비,맥도날드,8000,계좌이체,False,False,3.0
2025-05-01,교통비,카카오T,800,계좌이체,False,True,
2025-05-01,교통비,지하철,2500,계좌이체,False,True,
2025-05-01,식비,GS25,4000,현금,False,True,
2025-05-01,교통비,카카오T,5100,현금,False,True,
2025-05-02,교통비,코레일,8100,현금,False,True,
2025-05-02,식비,투썸플레이스,11000,신용카드,False,False,5.0
2025-05-02,교통비,택시,9100,신용카드,False,False,1.0
2025-05-02,쇼핑,유니클로,67000,현금,False,False,5.0
2025-05-02,식비,투썸플레이스,21000,계좌이체,False,False,1.0
2025-05-02,문화/여가,롯데월드,13000,계좌이체,False,False,3.0
2025-05-03,의료/건강,치과,46000,현금,False,True,
2025-05-03,문화/여가,유튜브프리미엄,9000,신용카드,True,False,3.0
2025-05-03,식비,GS25,14000,계좌이체,False,True,
2025-05-04,교통비,택시,7000,체크카드,False,False,5.0
2025-05-04,교통비,버스,3600,체크카드,False,True,
2025-05-04,식비,구내식당,23000,체크카드,False,True,
2025-05-04,식비,구내식당,7000,계좌이체,False,True,
2025-05-04,주거/통신,SKT통신비,45000,계좌이체,True,True,
2025-05-04,문화/여가,롯데월드,8000,체크카드,False,False,5.0
2025-05-05,식비,배달의민족,12000,체크카드,False,False,1.0
2025-05-05,식비,스타벅스,7000,신용카드,False,True,
2025-05-05,교육,토익접수,70000,현금,True,True,
2025-05-05,문화/여가,PC방,15000,체크카드,False,False,3.0
2025-05-05,교통비,SK주유소,5600,계좌이체,False,True,
2025-05-06,문화/여가,PC방,39000,현금,False,True,
2025-05-06,식비,김밥천국,24000,계좌이체,False,True,
2025-05-07,문화/여가,PC방,43000,신용카드,False,True,
2025-05-07,식비,스타벅스,14000,현금,False,False,3.0
2025-05-07,쇼핑,유니클로,102000,체크카드,False,False,2.0
2025-05-07,교육,교재구입,90000,계좌이체,True,True,
2025-05-07,교통비,GS칼텍스,4300,체크카드,False,True,
2025-05-07,교통비,GS칼텍스,5800,신용카드,False,True,
2025-05-07,주거/통신,관리비,20000,계좌이체,True,True,
2025-05-08,식비,구내식당,15000,현금,False,True,
2025-05-08,쇼핑,ZARA,88000,현금,False,False,5.0
2025-05-08,교통비,버스,8300,계좌이체,False,True,
2025-05-08,식비,구내식당,22000,체크카드,False,True,
2025-05-08,교통비,카카오T,6800,신용카드,False,True,
2025-05-09,의료/건강,내과,26000,현금,False,True,
2025-05-09,식비,삼겹살집,13000,체크카드,False,False,2.0
2025-05-09,식비,쿠팡이츠,25000,신용카드,False,False,5.0
2025-05-09,문화/여가,PC방,31000,계좌이체,False,False,3.0
2025-05-10,문화/여가,넷플릭스,15000,신용카드,True,False,3.0
2025-05-10,쇼핑,유니클로,131000,신용카드,False,False,5.0
2025-05-10,식비,배달의민족,17000,현금,False,False,3.0
2025-05-10,문화/여가,CGV,25000,계좌이체,False,False,2.0
2025-05-10,식비,쿠팡이츠,23000,계좌이체,False,False,3.0
2025-05-10,교통비,지하철,1200,신용카드,False,True,
2025-05-10,교통비,지하철,600,계좌이체,False,True,
2025-05-11,교통비,카카오T,3200,현금,False,True,
2025-05-11,식비,GS25,25000,현금,False,True,
2025-05-11,식비,투썸플레이스,24000,계좌이체,False,False,3.0
2025-05-11,식비,구내식당,4000,체크카드,False,True,
2025-05-11,식비,투썸플레이스,20000,현금,False,False,4.0
2025-05-13,식비,GS25,10000,신용카드,False,True,
2025-05-13,교육,인프런,30000,계좌이체,True,True,
2025-05-13,식비,이마트24,7000,계좌이체,False,True,
2025-05-13,식비,구내식당,7000,체크카드,False,True,
2025-05-14,기타,모임회비,80000,계좌이체,False,False,4.0
2025-05-14,문화/여가,야구장,13000,신용카드,False,False,4.0
2025-05-14,교통비,GS칼텍스,8100,체크카드,False,False,1.0
2025-05-14,교통비,지하철,2700,체크카드,False,True,
2025-05-14,문화/여가,교보문고,47000,체크카드,False,False,3.0
2025-05-15,쇼핑,무인양품,94000,현금,False,False,2.0
2025-05-15,교통비,카카오T,4600,체크카드,False,True,
2025-05-15,문화/여가,롯데월드,45000,신용카드,False,False,4.0
2025-05-15,쇼핑,무신사,122000,현금,False,False,3.0
2025-05-15,쇼핑,유니클로,56000,신용카드,False,False,4.0
2025-05-16,교통비,지하철,3200,신용카드,False,True,
2025-05-16,문화/여가,CGV,7000,계좌이체,False,False,5.0
2025-05-16,교통비,지하철,1300,현금,False,True,
2025-05-17,주거/통신,인터넷요금,30000,계좌이체,True,True,
2025-05-17,문화/여가,교보문고,11000,체크카드,False,False,2.0
2025-05-17,교통비,SK주유소,9700,현금,False,True,
2025-05-17,식비,투썸플레이스,12000,체크카드,False,False,3.0
2025-05-17,교육,교재구입,80000,현금,True,True,
2025-05-18,교육,토익접수,50000,신용카드,True,True,
2025-05-18,식비,맥도날드,19000,신용카드,False,False,1.0
2025-05-18,쇼핑,쿠팡,10000,현금,False,False,1.0
2025-05-18,의료/건강,약국,28000,체크카드,False,True,
2025-05-19,문화/여가,쿠팡와우,15000,신용카드,True,False,4.0
2025-05-19,식비,투썸플레이스,5000,체크카드,False,False,3.0
2025-05-20,교통비,버스,4400,계좌이체,False,True,
2025-05-20,식비,김밥천국,10000,체크카드,False,False,4.0
2025-05-20,문화/여가,볼링장,20000,신용카드,False,False,3.0
2025-05-20,식비,쿠팡이츠,21000,신용카드,False,False,3.0
2025-05-20,식비,스타벅스,6000,계좌이체,False,True,
2025-05-20,문화/여가,멜론,9000,신용카드,True,False,4.0
2025-05-20,교통비,택시,6400,체크카드,False,False,4.0
2025-05-20,식비,이마트24,24000,신용카드,False,True,
2025-05-21,식비,김밥천국,12000,현금,False,True,
2025-05-21,쇼핑,네이버쇼핑,6000,현금,False,False,4.0
2025-05-21,교통비,카카오T,10000,체크카드,False,True,
2025-05-22,문화/여가,야구장,8000,계좌이체,False,True,
2025-05-22,식비,삼겹살집,11000,신용카드,False,False,5.0
2025-05-22,기타,더치페이,30000,신용카드,False,False,3.0
2025-05-22,문화/여가,PC방,36000,체크카드,False,False,4.0
2025-05-22,의료/건강,헬스장할부,20000,현금,False,True,
2025-05-23,문화/여가,PC방,30000,현금,False,False,4.0
2025-05-23,쇼핑,다이소,57000,체크카드,False,True,
2025-05-23,식비,구내식당,19000,현금,False,True,
2025-05-23,식비,GS25,11000,체크카드,False,True,
2025-05-24,기타,경조사비,70000,계좌이체,False,True,
2025-05-25,문화/여가,PC방,34000,현금,False,False,5.0
2025-05-25,주거/통신,도시가스,45000,계좌이체,True,True,
2025-05-25,기타,경조사비,30000,계좌이체,False,False,3.0
2025-05-25,쇼핑,쿠팡,141000,신용카드,False,False,2.0
2025-05-25,식비,투썸플레이스,19000,현금,False,False,5.0
2025-05-25,교통비,GS칼텍스,9800,계좌이체,False,True,
2025-05-25,주거/통신,월세,500000,계좌이체,True,True,
2025-05-26,식비,GS25,12000,체크카드,False,True,
2025-05-26,식비,쿠팡이츠,23000,체크카드,False,False,5.0
2025-05-26,쇼핑,다이소,19000,계좌이체,False,True,
2025-05-26,식비,스타벅스,15000,신용카드,False,False,4.0
2025-05-26,교통비,택시,6100,체크카드,False,False,4.0
2025-05-27,교육,영어 강의,50000,현금,True,True,
2025-05-27,교육,인프런,90000,계좌이체,True,False,5.0
2025-05-27,식비,배달의민족,6000,신용카드,False,True,
2025-05-28,문화/여가,ChatGPT,13000,신용카드,True,False,1.0
2025-05-28,쇼핑,무인양품,88000,현금,False,False,5.0
2025-05-28,식비,스타벅스,7000,체크카드,False,False,4.0
2025-05-28,쇼핑,유니클로,150000,현금,False,False,5.0
2025-05-29,식비,스타벅스,5000,계좌이체,False,False,3.0
2025-05-30,쇼핑,쿠팡,43000,계좌이체,False,False,3.0
2025-05-30,교통비,버스,4400,계좌이체,False,False,2.0
2025-05-31,교통비,SK주유소,5300,신용카드,False,True,
2025-05-31,문화/여가,PC방,24000,현금,False,False,5.0
2025-05-31,쇼핑,다이소,133000,계좌이체,False,True,
2025-06-01,교통비,카카오T,1200,계좌이체,False,True,
2025-06-01,쇼핑,다이소,77000,체크카드,False,True,
2025-06-02,교육,토익접수,20000,계좌이체,True,True,
2025-06-02,교통비,카카오T,5000,계좌이체,False,False,1.0
2025-06-02,문화/여가,야구장,49000,현금,False,False,5.0
2025-06-02,의료/건강,약국,11000,현금,False,True,
2025-06-02,식비,김밥천국,17000,체크카드,False,True,
2025-06-02,문화/여가,CGV,6000,계좌이체,False,False,1.0
2025-06-03,문화/여가,CGV,42000,현금,False,False,3.0
2025-06-03,교육,토익접수,20000,체크카드,True,True,
2025-06-03,교통비,지하철,6000,신용카드,False,True,
2025-06-04,쇼핑,ZARA,46000,체크카드,False,False,3.0
2025-06-04,식비,GS25,21000,현금,False,True,
2025-06-04,쇼핑,무신사,26000,체크카드,False,True,
2025-06-04,식비,맥도날드,11000,현금,False,False,4.0
2025-06-04,문화/여가,PC방,10000,현금,False,False,3.0
2025-06-05,식비,배달의민족,4000,체크카드,False,True,
2025-06-05,쇼핑,쿠팡,35000,체크카드,False,False,2.0
2025-06-05,식비,삼겹살집,13000,현금,False,False,5.0
2025-06-05,식비,삼겹살집,19000,계좌이체,False,False,4.0
2025-06-05,식비,김밥천국,18000,신용카드,False,True,
2025-06-06,교통비,지하철,400,계좌이체,False,True,
2025-06-06,식비,쿠팡이츠,11000,신용카드,False,False,5.0
2025-06-06,식비,쿠팡이츠,18000,체크카드,False,True,
2025-06-06,문화/여가,유튜브프리미엄,15000,신용카드,True,False,5.0
2025-06-06,문화/여가,CGV,14000,체크카드,False,False,2.0
2025-06-07,식비,삼겹살집,12000,현금,False,False,4.0
2025-06-07,교육,영어 강의,80000,현금,True,True,
2025-06-07,식비,배달의민족,7000,계좌이체,False,False,3.0
2025-06-07,쇼핑,쿠팡,113000,현금,False,False,3.0
2025-06-07,쇼핑,유니클로,88000,계좌이체,False,False,2.0
2025-06-07,의료/건강,정형외과,18000,계좌이체,False,False,3.0
2025-06-08,식비,스타벅스,11000,신용카드,False,False,3.0
2025-06-08,식비,배달의민족,20000,체크카드,False,False,5.0
2025-06-08,쇼핑,ZARA,11000,현금,False,False,2.0
2025-06-08,식비,맥도날드,19000,신용카드,False,False,3.0
2025-06-08,식비,쿠팡이츠,17000,현금,False,False,4.0
2025-06-09,식비,투썸플레이스,10000,체크카드,False,True,
2025-06-09,교통비,지하철,900,신용카드,False,True,
2025-06-10,쇼핑,다이소,123000,신용카드,False,True,
2025-06-10,교통비,GS칼텍스,2600,체크카드,False,True,
2025-06-10,의료/건강,치과,10000,계좌이체,False,False,5.0
2025-06-11,식비,GS25,16000,신용카드,False,True,
2025-06-11,기타,더치페이,70000,계좌이체,False,False,1.0
2025-06-11,식비,구내식당,23000,체크카드,False,True,
2025-06-11,식비,이마트24,23000,계좌이체,False,True,
2025-06-12,문화/여가,CGV,10000,신용카드,False,False,2.0
2025-06-12,식비,맥도날드,16000,신용카드,False,False,4.0
2025-06-12,식비,배달의민족,5000,신용카드,False,False,1.0
2025-06-12,기타,모임회비,100000,현금,False,False,5.0
2025-06-13,쇼핑,쿠팡,81000,계좌이체,False,False,3.0
2025-06-13,식비,김밥천국,16000,신용카드,False,True,
2025-06-13,식비,이마트24,17000,현금,False,True,
2025-06-14,교통비,택시,6100,신용카드,False,False,4.0
2025-06-14,식비,이마트24,12000,체크카드,False,True,
2025-06-14,의료/건강,정형외과,12000,신용카드,False,True,
2025-06-15,식비,구내식당,6000,계좌이체,False,True,
2025-06-15,식비,배달의민족,17000,체크카드,False,False,5.0
2025-06-15,교통비,GS칼텍스,2500,신용카드,False,True,
2025-06-15,식비,삼겹살집,9000,신용카드,False,False,1.0
2025-06-15,문화/여가,멜론,9000,신용카드,True,False,3.0
2025-06-16,쇼핑,ZARA,144000,체크카드,False,False,4.0
2025-06-16,식비,이마트24,18000,현금,False,True,
2025-06-16,식비,배달의민족,25000,체크카드,False,False,5.0
2025-06-17,식비,배달의민족,7000,체크카드,False,False,2.0
2025-06-17,교육,영어 강의,90000,계좌이체,True,True,
2025-06-17,식비,쿠팡이츠,8000,현금,False,False,1.0
2025-06-17,주거/통신,인터넷요금,50000,계좌이체,True,True,
2025-06-17,교통비,카카오T,6600,체크카드,False,True,
2025-06-17,교통비,버스,7000,계좌이체,False,True,
2025-06-18,쇼핑,ZARA,98000,계좌이체,False,False,2.0
2025-06-18,의료/건강,약국,43000,신용카드,False,False,3.0
2025-06-18,교통비,지하철,6200,신용카드,False,True,
2025-06-19,주거/통신,도시가스,20000,계좌이체,True,True,
2025-06-19,식비,김밥천국,10000,신용카드,False,True,
2025-06-19,문화/여가,CGV,9000,체크카드,False,False,4.0
2025-06-19,문화/여가,롯데월드,12000,신용카드,False,False,1.0
2025-06-19,쇼핑,무신사,76000,현금,False,False,4.0
2025-06-19,쇼핑,다이소,123000,계좌이체,False,False,2.0
2025-06-19,교통비,카카오T,6100,신용카드,False,False,3.0
2025-06-20,교통비,SK주유소,1200,신용카드,False,True,
2025-06-20,문화/여가,야구장,22000,체크카드,False,False,3.0
2025-06-20,교통비,코레일,8700,현금,False,False,4.0
2025-06-20,교육,인프런,90000,신용카드,True,True,
2025-06-20,문화/여가,ChatGPT,11000,신용카드,True,False,2.0
2025-06-21,쇼핑,무신사,74000,체크카드,False,False,3.0
2025-06-21,식비,스타벅스,10000,신용카드,False,False,4.0
2025-06-21,식비,맥도날드,5000,현금,False,False,2.0
2025-06-21,식비,스타벅스,4000,계좌이체,False,False,2.0
2025-06-22,식비,맥도날드,25000,신용카드,False,False,4.0
2025-06-22,식비,삼겹살집,17000,신용카드,False,False,4.0
2025-06-23,쇼핑,무인양품,145000,계좌이체,False,False,5.0
2025-06-23,식비,김밥천국,16000,신용카드,False,True,
2025-06-23,주거/통신,SKT통신비,25000,계좌이체,True,True,
2025-06-23,문화/여가,쿠팡와우,11000,신용카드,True,False,5.0
2025-06-23,교육,교재구입,70000,체크카드,True,True,
2025-06-23,식비,GS25,17000,계좌이체,False,True,
2025-06-24,식비,김밥천국,8000,신용카드,False,True,
2025-06-24,교통비,택시,3000,신용카드,False,False,4.0
2025-06-24,쇼핑,무신사,98000,신용카드,False,False,3.0
2025-06-24,기타,더치페이,50000,체크카드,False,True,
2025-06-25,주거/통신,월세,500000,계좌이체,True,True,
2025-06-25,교통비,코레일,600,신용카드,False,True,
2025-06-25,교통비,버스,4100,체크카드,False,True,
2025-06-25,교통비,버스,6100,신용카드,False,True,
2025-06-25,쇼핑,ZARA,129000,체크카드,False,False,3.0
2025-06-25,쇼핑,다이소,80000,체크카드,False,True,
2025-06-26,문화/여가,넷플릭스,12000,신용카드,True,False,5.0
2025-06-26,식비,배달의민족,17000,계좌이체,False,False,1.0
2025-06-26,문화/여가,CGV,20000,체크카드,False,False,3.0
2025-06-26,문화/여가,교보문고,9000,계좌이체,False,False,1.0
2025-06-27,교육,토익접수,20000,신용카드,True,True,
2025-06-27,교육,교재구입,30000,신용카드,True,True,
2025-06-27,식비,쿠팡이츠,11000,현금,False,False,4.0
2025-06-27,교육,인프런,70000,계좌이체,True,True,
2025-06-27,교통비,GS칼텍스,3500,체크카드,False,True,
2025-06-27,식비,스타벅스,4000,현금,False,False,3.0
2025-06-28,쇼핑,네이버쇼핑,92000,계좌이체,False,False,3.0
2025-06-28,주거/통신,관리비,30000,계좌이체,True,True,
2025-06-28,문화/여가,CGV,38000,체크카드,False,True,
2025-06-28,문화/여가,CGV,32000,신용카드,False,False,5.0
2025-06-28,쇼핑,올리브영,20000,체크카드,False,False,4.0
2025-06-29,의료/건강,약국,27000,신용카드,False,True,
2025-06-29,식비,맥도날드,11000,신용카드,False,True,
2025-06-29,문화/여가,CGV,19000,체크카드,False,False,3.0
2025-06-29,식비,맥도날드,23000,계좌이체,False,False,3.0
2025-06-29,식비,삼겹살집,10000,체크카드,False,False,4.0
2025-06-30,교통비,코레일,2800,신용카드,False,True,
2025-06-30,교통비,택시,6400,체크카드,False,False,1.0
2025-06-30,쇼핑,네이버쇼핑,116000,현금,False,False,4.0
2025-07-01,쇼핑,쿠팡,18000,체크카드,False,False,4.0
2025-07-01,식비,이마트24,11000,현금,False,True,
2025-07-01,쇼핑,쿠팡,74000,체크카드,False,False,1.0
2025-07-01,쇼핑,쿠팡,146000,현금,False,True,
2025-07-02,식비,김밥천국,23000,체크카드,False,True,
2025-07-02,교통비,지하철,10000,신용카드,False,True,
2025-07-02,교육,영어 강의,50000,신용카드,True,True,
2025-07-02,문화/여가,볼링장,37000,계좌이체,False,False,4.0
2025-07-02,기타,경조사비,60000,현금,False,False,3.0
2025-07-02,식비,스타벅스,14000,현금,False,False,5.0
2025-07-03,주거/통신,SKT통신비,15000,계좌이체,True,True,
2025-07-03,식비,배달의민족,16000,신용카드,False,True,
2025-07-04,문화/여가,교보문고,43000,계좌이체,False,False,4.0
2025-07-04,교통비,GS칼텍스,2500,현금,False,True,
2025-07-04,교통비,코레일,8100,신용카드,False,True,
2025-07-04,교육,인프런,20000,계좌이체,True,True,
2025-07-05,문화/여가,CGV,30000,현금,False,False,3.0
2025-07-05,문화/여가,볼링장,20000,계좌이체,False,False,3.0
2025-07-05,교통비,택시,6100,체크카드,False,False,3.0
2025-07-06,쇼핑,네이버쇼핑,72000,신용카드,False,False,5.0
2025-07-06,쇼핑,올리브영,120000,신용카드,False,False,4.0
2025-07-06,교통비,GS칼텍스,900,현금,False,True,
2025-07-06,교통비,카카오T,1000,현금,False,False,3.0
2025-07-06,문화/여가,롯데월드,12000,계좌이체,False,True,
2025-07-07,문화/여가,CGV,45000,현금,False,True,
2025-07-07,기타,경조사비,40000,현금,False,True,
2025-07-07,쇼핑,쿠팡,148000,계좌이체,False,False,5.0
2025-07-07,쇼핑,다이소,140000,체크카드,False,True,
2025-07-07,식비,구내식당,13000,신용카드,False,True,
2025-07-07,의료/건강,헬스장할부,16000,현금,False,True,
2025-07-07,식비,맥도날드,18000,계좌이체,False,True,
2025-07-08,식비,투썸플레이스,24000,체크카드,False,False,4.0
2025-07-08,주거/통신,도시가스,15000,계좌이체,True,True,
2025-07-08,문화/여가,롯데월드,40000,계좌이체,False,False,4.0
2025-07-08,주거/통신,관리비,25000,계좌이체,True,True,
2025-07-08,쇼핑,무신사,135000,계좌이체,False,True,
2025-07-08,의료/건강,내과,11000,계좌이체,False,True,
2025-07-09,문화/여가,교보문고,46000,체크카드,False,False,1.0
2025-07-09,식비,구내식당,14000,체크카드,False,True,
2025-07-09,교통비,코레일,1700,체크카드,False,True,
2025-07-10,기타,더치페이,30000,신용카드,False,True,
2025-07-10,교통비,코레일,1100,신용카드,False,True,
2025-07-10,교육,교재구입,100000,체크카드,True,True,
2025-07-11,문화/여가,PC방,10000,신용카드,False,False,3.0
2025-07-11,교통비,코레일,7600,체크카드,False,True,
2025-07-11,쇼핑,다이소,31000,현금,False,True,
2025-07-12,문화/여가,롯데월드,16000,계좌이체,False,False,4.0
2025-07-12,교통비,코레일,3100,계좌이체,False,True,
2025-07-12,쇼핑,무인양품,48000,계좌이체,False,False,4.0
2025-07-12,교통비,코레일,700,체크카드,False,True,
2025-07-13,쇼핑,네이버쇼핑,26000,현금,False,False,5.0
2025-07-13,식비,김밥천국,17000,계좌이체,False,True,
2025-07-13,식비,맥도날드,7000,신용카드,False,True,
2025-07-14,식비,삼겹살집,25000,신용카드,False,False,4.0
2025-07-14,식비,맥도날드,8000,신용카드,False,True,
2025-07-14,쇼핑,ZARA,146000,현금,False,False,3.0
2025-07-14,식비,배달의민족,18000,신용카드,False,False,5.0
2025-07-14,의료/건강,정형외과,14000,신용카드,False,False,4.0
2025-07-14,문화/여가,PC방,7000,신용카드,False,True,
2025-07-14,쇼핑,유니클로,46000,계좌이체,False,False,5.0
2025-07-14,식비,구내식당,8000,계좌이체,False,True,
2025-07-14,의료/건강,내과,45000,체크카드,False,True,
2025-07-15,식비,쿠팡이츠,21000,현금,False,False,5.0
2025-07-15,쇼핑,무신사,111000,체크카드,False,False,3.0
2025-07-15,교육,토익접수,80000,신용카드,True,True,
2025-07-15,교통비,택시,4700,계좌이체,False,False,3.0
2025-07-15,교통비,택시,1200,신용카드,False,False,5.0
2025-07-15,문화/여가,교보문고,20000,현금,False,False,5.0
2025-07-16,쇼핑,올리브영,23000,신용카드,False,False,2.0
2025-07-16,식비,GS25,6000,현금,False,True,
2025-07-16,쇼핑,네이버쇼핑,25000,체크카드,False,False,2.0
2025-07-17,쇼핑,무신사,87000,신용카드,False,False,2.0
2025-07-17,식비,맥도날드,25000,현금,False,True,
2025-07-17,식비,투썸플레이스,9000,현금,False,True,
2025-07-17,주거/통신,인터넷요금,20000,계좌이체,True,True,
2025-07-18,식비,투썸플레이스,6000,현금,False,False,2.0
2025-07-18,식비,삼겹살집,13000,계좌이체,False,True,
2025-07-18,기타,경조사비,80000,계좌이체,False,False,3.0
2025-07-18,문화/여가,ChatGPT,12000,신용카드,True,False,5.0
2025-07-18,의료/건강,헬스장할부,42000,신용카드,False,True,
2025-07-18,식비,투썸플레이스,4000,체크카드,False,False,1.0
2025-07-18,의료/건강,내과,8000,현금,False,True,
2025-07-19,식비,스타벅스,15000,체크카드,False,False,1.0
2025-07-19,식비,배달의민족,24000,현금,False,False,4.0
2025-07-19,문화/여가,교보문고,37000,신용카드,False,False,5.0
2025-07-19,식비,구내식당,4000,신용카드,False,True,
2025-07-19,식비,맥도날드,23000,계좌이체,False,False,1.0
2025-07-19,쇼핑,무신사,133000,현금,False,False,5.0
2025-07-19,문화/여가,쿠팡와우,8000,신용카드,True,False,5.0
2025-07-20,쇼핑,무인양품,68000,신용카드,False,False,5.0
2025-07-20,식비,이마트24,9000,체크카드,False,True,
2025-07-20,쇼핑,올리브영,58000,체크카드,False,False,4.0
2025-07-21,의료/건강,헬스장할부,14000,체크카드,False,False,3.0
2025-07-21,문화/여가,유튜브프리미엄,7000,신용카드,True,False,5.0
2025-07-22,의료/건강,약국,17000,계좌이체,False,True,
2025-07-23,교통비,GS칼텍스,3000,계좌이체,False,True,
2025-07-23,식비,이마트24,10000,체크카드,False,True,
2025-07-23,교육,인프런,70000,현금,True,True,
2025-07-23,식비,이마트24,19000,신용카드,False,True,
2025-07-24,쇼핑,다이소,21000,현금,False,True,
2025-07-24,교통비,코레일,9500,현금,False,True,
2025-07-24,문화/여가,CGV,10000,현금,False,False,2.0
2025-07-24,식비,김밥천국,23000,신용카드,False,True,
2025-07-24,쇼핑,쿠팡,126000,현금,False,False,4.0
2025-07-24,식비,스타벅스,18000,현금,False,False,4.0
2025-07-24,식비,스타벅스,10000,현금,False,False,4.0
2025-07-25,교통비,코레일,6000,계좌이체,False,True,
2025-07-25,식비,맥도날드,17000,계좌이체,False,False,5.0
2025-07-25,주거/통신,월세,500000,계좌이체,True,True,
2025-07-26,식비,배달의민족,14000,신용카드,False,False,3.0
2025-07-26,문화/여가,넷플릭스,13000,신용카드,True,False,1.0
2025-07-26,기타,더치페이,100000,현금,False,False,3.0
2025-07-26,쇼핑,ZARA,8000,체크카드,False,False,3.0
2025-07-26,교통비,택시,900,체크카드,False,False,1.0
2025-07-26,식비,투썸플레이스,21000,신용카드,False,False,4.0
2025-07-28,쇼핑,무인양품,146000,계좌이체,False,True,
2025-07-28,문화/여가,볼링장,7000,체크카드,False,False,3.0
2025-07-28,기타,더치페이,80000,현금,False,False,1.0
2025-07-28,식비,구내식당,12000,체크카드,False,True,
2025-07-29,식비,맥도날드,18000,현금,False,False,2.0
2025-07-29,식비,쿠팡이츠,25000,신용카드,False,False,5.0
2025-07-29,문화/여가,교보문고,16000,신용카드,False,True,
2025-07-30,쇼핑,네이버쇼핑,90000,체크카드,False,False,5.0
2025-07-30,쇼핑,ZARA,146000,체크카드,False,False,5.0
2025-07-30,교통비,택시,5400,계좌이체,False,False,2.0
2025-07-31,식비,스타벅스,21000,현금,False,False,1.0
2025-07-31,문화/여가,멜론,15000,신용카드,True,False,2.0
2025-07-31,문화/여가,롯데월드,5000,현금,False,False,4.0
2025-07-31,의료/건강,내과,31000,계좌이체,False,True,
2025-07-31,교통비,코레일,5600,신용카드,False,True,
2025-08-01,식비,김밥천국,11000,신용카드,False,True,
2025-08-01,문화/여가,야구장,22000,체크카드,False,False,4.0
2025-08-01,식비,삼겹살집,7000,현금,False,False,3.0
2025-08-01,쇼핑,네이버쇼핑,44000,현금,False,False,2.0
2025-08-02,문화/여가,유튜브프리미엄,13000,신용카드,True,False,3.0
2025-08-02,쇼핑,네이버쇼핑,29000,계좌이체,False,False,2.0
2025-08-03,쇼핑,올리브영,141000,체크카드,False,False,4.0
2025-08-04,교통비,GS칼텍스,5100,체크카드,False,True,
2025-08-04,문화/여가,롯데월드,35000,현금,False,False,4.0
2025-08-04,쇼핑,쿠팡,88000,현금,False,False,4.0
2025-08-04,식비,구내식당,15000,현금,False,True,
2025-08-04,식비,쿠팡이츠,8000,현금,False,False,3.0
2025-08-04,교통비,SK주유소,4700,체크카드,False,True,
2025-08-05,문화/여가,볼링장,13000,신용카드,False,False,2.0
2025-08-05,식비,김밥천국,12000,현금,False,True,
2025-08-06,식비,김밥천국,13000,신용카드,False,True,
2025-08-06,문화/여가,교보문고,45000,신용카드,False,False,3.0
2025-08-06,식비,맥도날드,25000,신용카드,False,False,4.0
2025-08-06,교통비,코레일,800,체크카드,False,True,
2025-08-06,교통비,택시,2000,계좌이체,False,False,3.0
2025-08-07,식비,배달의민족,19000,현금,False,False,4.0
2025-08-07,쇼핑,올리브영,108000,계좌이체,False,False,4.0
2025-08-07,쇼핑,ZARA,53000,체크카드,False,True,
2025-08-07,식비,스타벅스,14000,체크카드,False,False,4.0
2025-08-08,식비,이마트24,24000,신용카드,False,True,
2025-08-08,쇼핑,다이소,9000,체크카드,False,True,
2025-08-08,쇼핑,유니클로,52000,현금,False,True,
2025-08-08,식비,삼겹살집,6000,계좌이체,False,False,4.0
2025-08-08,교통비,버스,3600,계좌이체,False,True,
2025-08-08,교육,영어 강의,20000,계좌이체,True,True,
2025-08-09,쇼핑,무인양품,50000,계좌이체,False,False,5.0
2025-08-09,쇼핑,무인양품,57000,체크카드,False,False,5.0
2025-08-09,교통비,카카오T,1100,계좌이체,False,True,
2025-08-09,문화/여가,PC방,8000,현금,False,True,
2025-08-09,식비,구내식당,8000,신용카드,False,False,4.0
2025-08-09,문화/여가,멜론,7000,신용카드,True,False,4.0
2025-08-09,식비,맥도날드,12000,계좌이체,False,False,3.0
2025-08-10,식비,쿠팡이츠,18000,계좌이체,False,False,4.0
2025-08-10,식비,구내식당,14000,체크카드,False,True,
2025-08-10,식비,김밥천국,24000,신용카드,False,True,
2025-08-10,쇼핑,다이소,13000,계좌이체,False,True,
2025-08-10,쇼핑,다이소,6000,신용카드,False,False,4.0
2025-08-11,식비,삼겹살집,20000,신용카드,False,False,3.0
2025-08-11,식비,이마트24,6000,현금,False,False,4.0
2025-08-11,식비,배달의민족,8000,계좌이체,False,False,4.0
2025-08-11,교통비,버스,9700,신용카드,False,True,
2025-08-11,식비,맥도날드,9000,현금,False,False,4.0
2025-08-12,문화/여가,넷플릭스,9000,신용카드,True,False,5.0
2025-08-12,쇼핑,다이소,46000,계좌이체,False,True,
2025-08-12,문화/여가,롯데월드,25000,현금,False,False,4.0
2025-08-12,교통비,택시,7500,체크카드,False,False,3.0
2025-08-13,쇼핑,유니클로,50000,체크카드,False,False,4.0
2025-08-13,교육,교재구입,60000,체크카드,True,True,
2025-08-14,교통비,코레일,600,현금,False,True,
2025-08-15,교통비,지하철,5800,신용카드,False,True,
2025-08-15,문화/여가,PC방,9000,현금,False,False,5.0
2025-08-15,교통비,카카오T,7100,계좌이체,False,True,
2025-08-16,문화/여가,야구장,39000,현금,False,False,5.0
2025-08-16,의료/건강,약국,7000,현금,False,True,
2025-08-16,교통비,카카오T,5100,신용카드,False,True,
2025-08-16,교통비,SK주유소,400,현금,False,True,
2025-08-16,쇼핑,ZARA,20000,현금,False,False,1.0
2025-08-16,쇼핑,다이소,83000,계좌이체,False,True,
2025-08-17,식비,이마트24,25000,신용카드,False,False,3.0
2025-08-17,식비,배달의민족,7000,신용카드,False,False,3.0
2025-08-17,주거/통신,관리비,25000,계좌이체,True,True,
2025-08-17,문화/여가,야구장,14000,현금,False,True,
2025-08-17,문화/여가,롯데월드,49000,체크카드,False,False,4.0
2025-08-17,식비,스타벅스,12000,신용카드,False,True,
2025-08-17,쇼핑,유니클로,118000,계좌이체,False,False,2.0
2025-08-17,식비,맥도날드,13000,현금,False,False,3.0
2025-08-18,의료/건강,정형외과,10000,신용카드,False,True,
2025-08-18,쇼핑,유니클로,49000,계좌이체,False,False,3.0
2025-08-18,주거/통신,인터넷요금,15000,계좌이체,True,True,
2025-08-18,쇼핑,무신사,47000,현금,False,False,3.0
2025-08-18,교통비,지하철,8600,신용카드,False,True,
2025-08-18,식비,구내식당,17000,신용카드,False,True,
2025-08-19,교통비,카카오T,1200,현금,False,True,
2025-08-19,문화/여가,CGV,39000,현금,False,False,4.0
2025-08-19,문화/여가,ChatGPT,7000,신용카드,True,False,5.0
2025-08-19,쇼핑,ZARA,30000,계좌이체,False,False,3.0
2025-08-20,교통비,코레일,6400,신용카드,False,True,
2025-08-20,쇼핑,네이버쇼핑,5000,신용카드,False,False,3.0
2025-08-20,식비,삼겹살집,23000,체크카드,False,False,5.0
2025-08-20,식비,김밥천국,9000,신용카드,False,False,4.0
2025-08-20,쇼핑,올리브영,76000,현금,False,False,2.0
2025-08-20,식비,구내식당,9000,현금,False,True,
2025-08-21,문화/여가,롯데월드,39000,체크카드,False,False,2.0
2025-08-21,쇼핑,무인양품,116000,계좌이체,False,False,4.0
2025-08-21,식비,배달의민족,25000,계좌이체,False,False,4.0
2025-08-21,쇼핑,올리브영,146000,체크카드,False,False,3.0
2025-08-21,쇼핑,무신사,110000,계좌이체,False,False,2.0
2025-08-21,문화/여가,롯데월드,20000,계좌이체,False,False,5.0
2025-08-21,쇼핑,유니클로,23000,체크카드,False,True,
2025-08-22,의료/건강,정형외과,37000,체크카드,False,False,5.0
2025-08-23,교통비,택시,1900,신용카드,False,False,2.0
2025-08-23,문화/여가,볼링장,8000,현금,False,False,4.0
2025-08-23,식비,배달의민족,5000,현금,False,False,1.0
2025-08-23,교통비,버스,1800,신용카드,False,True,
2025-08-23,교통비,지하철,8500,신용카드,False,True,
2025-08-23,교통비,SK주유소,1500,체크카드,False,True,
2025-08-24,식비,쿠팡이츠,14000,신용카드,False,False,3.0
2025-08-24,쇼핑,네이버쇼핑,127000,신용카드,False,False,3.0
2025-08-24,문화/여가,교보문고,38000,체크카드,False,False,3.0
2025-08-25,주거/통신,SKT통신비,30000,계좌이체,True,True,
2025-08-25,주거/통신,월세,500000,계좌이체,True,True,
2025-08-25,식비,스타벅스,5000,계좌이체,False,False,5.0
2025-08-25,교육,토익접수,70000,현금,True,True,
2025-08-25,식비,이마트24,19000,신용카드,False,False,4.0
2025-08-25,교통비,GS칼텍스,7100,계좌이체,False,True,
2025-08-25,쇼핑,다이소,81000,현금,False,True,
2025-08-27,문화/여가,쿠팡와우,15000,신용카드,True,False,4.0
2025-08-27,문화/여가,롯데월드,15000,신용카드,False,False,4.0
2025-08-27,쇼핑,쿠팡,131000,신용카드,False,False,3.0
2025-08-27,주거/통신,도시가스,35000,계좌이체,True,True,
2025-08-28,교통비,버스,9800,계좌이체,False,True,
2025-08-28,식비,김밥천국,4000,현금,False,True,
2025-08-28,쇼핑,올리브영,130000,계좌이체,False,False,3.0
2025-08-29,문화/여가,PC방,49000,신용카드,False,False,1.0
2025-08-29,쇼핑,유니클로,77000,신용카드,False,False,2.0
2025-08-29,식비,쿠팡이츠,21000,현금,False,False,5.0
2025-08-29,교통비,버스,7700,체크카드,False,True,
2025-08-29,교육,인프런,80000,계좌이체,True,True,
2025-08-29,교통비,SK주유소,700,체크카드,False,True,
2025-08-30,식비,GS25,5000,현금,False,False,2.0
2025-08-30,교통비,코레일,5800,신용카드,False,True,
2025-08-30,교통비,택시,1900,계좌이체,False,False,5.0
2025-08-31,식비,맥도날드,15000,계좌이체,False,False,5.0
2025-08-31,쇼핑,다이소,24000,현금,False,True,
2025-08-31,문화/여가,교보문고,46000,계좌이체,False,False,4.0
2025-09-01,식비,스타벅스,4000,현금,False,False,3.0
2025-09-01,쇼핑,올리브영,129000,신용카드,False,False,3.0
2025-09-01,문화/여가,야구장,24000,체크카드,False,False,5.0
2025-09-01,의료/건강,내과,45000,계좌이체,False,True,
2025-09-01,식비,GS25,9000,신용카드,False,True,
2025-09-01,식비,쿠팡이츠,23000,체크카드,False,False,5.0
2025-09-01,교통비,버스,2700,신용카드,False,True,
2025-09-02,쇼핑,무인양품,119000,체크카드,False,False,4.0
2025-09-02,문화/여가,PC방,34000,현금,False,False,2.0
2025-09-02,교통비,지하철,3200,체크카드,False,True,
2025-09-03,문화/여가,야구장,11000,계좌이체,False,False,2.0
2025-09-03,문화/여가,CGV,44000,계좌이체,False,False,3.0
2025-09-03,문화/여가,PC방,11000,체크카드,False,False,1.0
2025-09-03,식비,배달의민족,5000,신용카드,False,True,
2025-09-03,문화/여가,롯데월드,13000,현금,False,False,5.0
2025-09-04,교통비,코레일,5400,계좌이체,False,True,
2025-09-04,쇼핑,다이소,43000,현금,False,True,
2025-09-04,식비,GS25,24000,현금,False,True,
2025-09-04,의료/건강,정형외과,44000,체크카드,False,True,
2025-09-04,문화/여가,쿠팡와우,15000,신용카드,True,False,3.0
2025-09-04,식비,이마트24,20000,신용카드,False,True,
2025-09-04,쇼핑,유니클로,144000,신용카드,False,False,3.0
2025-09-04,문화/여가,ChatGPT,6000,신용카드,True,False,4.0
2025-09-04,문화/여가,롯데월드,48000,신용카드,False,False,3.0
2025-09-04,문화/여가,야구장,27000,신용카드,False,False,1.0
2025-09-04,식비,이마트24,15000,현금,False,True,
2025-09-04,식비,구내식당,11000,현금,False,True,
2025-09-05,교통비,GS칼텍스,2300,체크카드,False,True,
2025-09-05,교통비,코레일,3300,신용카드,False,True,
2025-09-05,문화/여가,CGV,24000,현금,False,False,2.0
2025-09-05,문화/여가,야구장,39000,체크카드,False,True,
2025-09-06,식비,배달의민족,13000,계좌이체,False,False,3.0
2025-09-06,식비,구내식당,7000,체크카드,False,True,
2025-09-06,식비,투썸플레이스,9000,체크카드,False,False,1.0
2025-09-06,쇼핑,유니클로,139000,현금,False,False,5.0
2025-09-07,교통비,버스,4200,체크카드,False,True,
2025-09-07,식비,배달의민족,12000,현금,False,False,1.0
2025-09-07,식비,스타벅스,13000,신용카드,False,False,4.0
2025-09-07,식비,배달의민족,10000,현금,False,True,
2025-09-07,식비,구내식당,15000,신용카드,False,True,
2025-09-07,교통비,택시,4700,계좌이체,False,False,4.0
2025-09-08,문화/여가,PC방,23000,체크카드,False,False,3.0
2025-09-08,교통비,코레일,1500,계좌이체,False,True,
2025-09-08,식비,배달의민족,23000,현금,False,False,4.0
2025-09-08,문화/여가,교보문고,49000,신용카드,False,False,5.0
2025-09-09,식비,구내식당,18000,현금,False,False,4.0
2025-09-09,교통비,택시,7400,현금,False,False,1.0
2025-09-09,문화/여가,CGV,39000,신용카드,False,True,
2025-09-09,식비,쿠팡이츠,25000,계좌이체,False,False,1.0
2025-09-09,식비,김밥천국,19000,계좌이체,False,True,
2025-09-10,교통비,GS칼텍스,3500,신용카드,False,True,
2025-09-10,식비,구내식당,14000,체크카드,False,True,
2025-09-10,식비,삼겹살집,22000,신용카드,False,False,4.0
2025-09-11,교통비,코레일,5300,체크카드,False,True,
2025-09-11,교통비,SK주유소,5400,체크카드,False,True,
2025-09-11,교통비,버스,6500,현금,False,True,
2025-09-11,식비,이마트24,12000,신용카드,False,True,
2025-09-11,쇼핑,다이소,108000,계좌이체,False,True,
2025-09-12,식비,배달의민족,5000,현금,False,False,1.0
2025-09-12,의료/건강,약국,44000,계좌이체,False,True,
2025-09-12,교통비,카카오T,8600,현금,False,True,
2025-09-12,식비,배달의민족,24000,신용카드,False,True,
2025-09-12,식비,투썸플레이스,15000,체크카드,False,False,5.0
2025-09-12,주거/통신,도시가스,35000,계좌이체,True,True,
2025-09-13,문화/여가,CGV,13000,체크카드,False,False,2.0
2025-09-13,교통비,코레일,1600,체크카드,False,True,
2025-09-13,문화/여가,PC방,47000,신용카드,False,False,5.0
2025-09-14,쇼핑,무인양품,131000,현금,False,False,2.0
2025-09-14,주거/통신,관리비,50000,계좌이체,True,True,
2025-09-14,문화/여가,넷플릭스,11000,신용카드,True,False,5.0
2025-09-14,식비,배달의민족,14000,체크카드,False,False,2.0
2025-09-15,식비,투썸플레이스,13000,현금,False,True,
2025-09-15,식비,쿠팡이츠,17000,신용카드,False,False,3.0
2025-09-15,문화/여가,유튜브프리미엄,14000,신용카드,True,False,1.0
2025-09-15,교통비,택시,3400,신용카드,False,False,4.0
2025-09-15,식비,삼겹살집,10000,체크카드,False,True,
2025-09-16,교통비,SK주유소,8800,신용카드,False,False,5.0
2025-09-16,쇼핑,다이소,23000,체크카드,False,True,
2025-09-16,식비,GS25,25000,현금,False,True,
2025-09-16,식비,쿠팡이츠,8000,신용카드,False,False,2.0
2025-09-17,교육,교재구입,70000,계좌이체,True,True,
2025-09-17,식비,구내식당,24000,신용카드,False,True,
2025-09-17,식비,김밥천국,4000,계좌이체,False,True,
2025-09-17,쇼핑,무신사,72000,체크카드,False,False,3.0
2025-09-17,문화/여가,PC방,41000,계좌이체,False,False,4.0
2025-09-17,식비,김밥천국,17000,계좌이체,False,True,
2025-09-17,문화/여가,교보문고,28000,신용카드,False,False,5.0
2025-09-17,주거/통신,인터넷요금,45000,계좌이체,True,True,
2025-09-18,식비,GS25,23000,신용카드,False,True,
2025-09-18,쇼핑,올리브영,95000,계좌이체,False,False,3.0
2025-09-18,식비,투썸플레이스,14000,현금,False,False,4.0
2025-09-18,쇼핑,올리브영,49000,현금,False,False,4.0
2025-09-18,쇼핑,다이소,123000,계좌이체,False,True,
2025-09-19,교통비,SK주유소,9800,체크카드,False,True,
2025-09-19,교통비,GS칼텍스,7500,체크카드,False,True,
2025-09-20,식비,스타벅스,15000,신용카드,False,False,3.0
2025-09-20,의료/건강,치과,33000,계좌이체,False,True,
2025-09-20,식비,삼겹살집,25000,체크카드,False,False,5.0
2025-09-20,교통비,코레일,3600,신용카드,False,False,4.0
2025-09-20,주거/통신,SKT통신비,40000,계좌이체,True,True,
2025-09-20,교통비,지하철,8700,체크카드,False,True,
2025-09-21,식비,이마트24,9000,현금,False,True,
2025-09-21,교통비,GS칼텍스,2300,신용카드,False,False,3.0
2025-09-21,문화/여가,멜론,11000,신용카드,True,False,1.0
2025-09-22,식비,삼겹살집,8000,신용카드,False,True,
2025-09-23,식비,투썸플레이스,14000,현금,False,False,3.0
2025-09-23,교육,교재구입,20000,계좌이체,True,True,
2025-09-24,식비,구내식당,12000,계좌이체,False,True,
2025-09-24,쇼핑,네이버쇼핑,15000,계좌이체,False,False,5.0
2025-09-25,문화/여가,PC방,14000,신용카드,False,False,3.0
2025-09-25,식비,맥도날드,24000,체크카드,False,False,3.0
2025-09-25,주거/통신,월세,500000,계좌이체,True,True,
2025-09-25,쇼핑,올리브영,123000,체크카드,False,True,
2025-09-25,교통비,SK주유소,2800,현금,False,True,
2025-09-26,문화/여가,롯데월드,16000,현금,False,False,5.0
2025-09-26,교통비,GS칼텍스,1600,현금,False,True,
2025-09-26,식비,스타벅스,25000,현금,False,False,1.0
2025-09-27,교통비,지하철,2300,신용카드,False,True,
2025-09-27,식비,맥도날드,25000,계좌이체,False,False,2.0
2025-09-27,식비,김밥천국,20000,현금,False,False,2.0
2025-09-28,식비,이마트24,4000,현금,False,True,
2025-09-28,식비,맥도날드,13000,체크카드,False,False,4.0
2025-09-29,쇼핑,무인양품,128000,신용카드,False,False,1.0
2025-09-29,교통비,카카오T,5500,체크카드,False,True,
2025-09-29,교통비,코레일,1700,신용카드,False,True,
2025-09-29,교육,교재구입,50000,계좌이체,True,True,
2025-09-29,식비,배달의민족,9000,현금,False,False,2.0
2025-09-30,식비,구내식당,13000,계좌이체,False,True,
2025-09-30,교통비,GS칼텍스,6500,계좌이체,False,True,
2025-09-30,식비,쿠팡이츠,22000,체크카드,False,False,5.0
2025-10-01,문화/여가,ChatGPT,7000,신용카드,True,False,4.0
2025-10-01,쇼핑,다이소,91000,신용카드,False,True,
2025-10-01,문화/여가,볼링장,36000,현금,False,False,3.0
2025-10-01,식비,쿠팡이츠,12000,계좌이체,False,False,2.0
2025-10-01,식비,쿠팡이츠,20000,체크카드,False,False,3.0
2025-10-01,쇼핑,ZARA,13000,신용카드,False,False,4.0
2025-10-02,문화/여가,야구장,6000,계좌이체,False,False,5.0
2025-10-02,식비,배달의민족,7000,체크카드,False,False,4.0
2025-10-02,교통비,SK주유소,1900,체크카드,False,True,
2025-10-02,식비,투썸플레이스,5000,현금,False,False,3.0
2025-10-03,식비,쿠팡이츠,17000,현금,False,False,3.0
2025-10-03,교통비,버스,3500,현금,False,True,
2025-10-04,식비,GS25,25000,현금,False,False,5.0
2025-10-04,문화/여가,유튜브프리미엄,6000,신용카드,True,False,4.0
2025-10-04,교통비,코레일,1000,신용카드,False,True,
2025-10-05,식비,구내식당,5000,현금,False,True,
2025-10-05,교통비,코레일,3200,체크카드,False,True,
2025-10-05,교통비,지하철,9400,신용카드,False,True,
2025-10-05,식비,이마트24,12000,계좌이체,False,True,
2025-10-06,교통비,버스,9500,현금,False,True,
2025-10-06,식비,이마트24,25000,체크카드,False,True,
2025-10-06,쇼핑,무신사,76000,계좌이체,False,False,3.0
2025-10-06,교통비,SK주유소,6800,체크카드,False,True,
2025-10-07,문화/여가,교보문고,27000,현금,False,False,3.0
2025-10-07,교육,토익접수,100000,계좌이체,True,True,
2025-10-07,쇼핑,유니클로,83000,현금,False,False,1.0
2025-10-07,문화/여가,롯데월드,46000,신용카드,False,False,4.0
2025-10-07,교통비,지하철,5400,현금,False,True,
2025-10-07,식비,이마트24,8000,체크카드,False,True,
2025-10-07,식비,삼겹살집,21000,계좌이체,False,True,
2025-10-08,교통비,택시,9400,계좌이체,False,False,4.0
2025-10-08,식비,배달의민족,9000,체크카드,False,False,4.0
2025-10-08,쇼핑,무신사,20000,신용카드,False,True,
2025-10-08,문화/여가,볼링장,36000,현금,False,True,
2025-10-08,교통비,GS칼텍스,9200,체크카드,False,True,
2025-10-09,의료/건강,헬스장할부,16000,현금,False,True,
2025-10-09,교통비,택시,4500,체크카드,False,False,1.0
2025-10-10,식비,배달의민족,17000,신용카드,False,False,4.0
2025-10-10,교육,교재구입,40000,체크카드,True,True,
2025-10-10,식비,쿠팡이츠,5000,신용카드,False,False,4.0
2025-10-11,교통비,코레일,6000,신용카드,False,True,
2025-10-11,쇼핑,쿠팡,37000,신용카드,False,False,2.0
2025-10-11,쇼핑,무신사,108000,계좌이체,False,False,4.0
2025-10-11,교통비,지하철,1700,현금,False,True,
2025-10-12,교통비,코레일,4700,현금,False,True,
2025-10-12,식비,구내식당,9000,계좌이체,False,True,
2025-10-13,문화/여가,멜론,12000,신용카드,True,False,2.0
2025-10-13,교통비,GS칼텍스,8000,현금,False,True,
2025-10-14,식비,GS25,24000,계좌이체,False,True,
2025-10-14,문화/여가,넷플릭스,15000,신용카드,True,False,3.0
2025-10-14,주거/통신,관리비,30000,계좌이체,True,True,
2025-10-14,식비,GS25,16000,계좌이체,False,True,
2025-10-15,교통비,지하철,5100,신용카드,False,True,
2025-10-16,문화/여가,CGV,36000,체크카드,False,False,3.0
2025-10-16,문화/여가,CGV,48000,현금,False,False,3.0
2025-10-16,쇼핑,네이버쇼핑,124000,계좌이체,False,False,2.0
2025-10-16,의료/건강,치과,42000,현금,False,True,
2025-10-16,교통비,카카오T,9800,현금,False,True,
2025-10-16,식비,김밥천국,10000,계좌이체,False,True,
2025-10-17,문화/여가,CGV,28000,계좌이체,False,False,5.0
2025-10-17,문화/여가,쿠팡와우,10000,신용카드,True,False,3.0
2025-10-17,의료/건강,정형외과,14000,신용카드,False,True,
2025-10-17,식비,김밥천국,25000,체크카드,False,True,
2025-10-17,교육,영어 강의,30000,신용카드,True,True,
2025-10-19,쇼핑,올리브영,128000,계좌이체,False,False,3.0
2025-10-19,교통비,버스,3000,체크카드,False,True,
2025-10-19,식비,삼겹살집,8000,계좌이체,False,False,3.0
2025-10-19,쇼핑,다이소,109000,신용카드,False,True,
2025-10-19,쇼핑,쿠팡,93000,신용카드,False,True,
2025-10-20,문화/여가,교보문고,35000,현금,False,False,3.0
2025-10-20,식비,삼겹살집,20000,신용카드,False,False,4.0
2025-10-20,교통비,버스,3000,계좌이체,False,True,
2025-10-20,교통비,카카오T,2000,신용카드,False,True,
2025-10-20,쇼핑,유니클로,33000,현금,False,False,5.0
2025-10-20,식비,맥도날드,12000,현금,False,False,2.0
2025-10-21,쇼핑,ZARA,21000,체크카드,False,False,3.0
2025-10-21,식비,맥도날드,24000,현금,False,True,
2025-10-21,쇼핑,쿠팡,57000,신용카드,False,False,3.0
2025-10-21,식비,투썸플레이스,11000,계좌이체,False,False,5.0
2025-10-21,쇼핑,쿠팡,43000,체크카드,False,False,3.0
2025-10-22,식비,삼겹살집,11000,현금,False,True,
2025-10-22,식비,구내식당,5000,현금,False,True,
2025-10-22,식비,스타벅스,10000,신용카드,False,False,2.0
2025-10-22,식비,스타벅스,23000,현금,False,False,4.0
2025-10-23,문화/여가,볼링장,35000,신용카드,False,False,3.0
2025-10-23,식비,쿠팡이츠,25000,신용카드,False,False,2.0
2025-10-23,교육,토익접수,60000,신용카드,True,True,
2025-10-23,교통비,GS칼텍스,2800,계좌이체,False,True,
2025-10-24,식비,투썸플레이스,21000,계좌이체,False,False,2.0
2025-10-24,쇼핑,유니클로,99000,계좌이체,False,False,5.0
2025-10-24,주거/통신,인터넷요금,45000,계좌이체,True,True,
2025-10-24,식비,삼겹살집,25000,계좌이체,False,False,1.0
2025-10-24,쇼핑,무인양품,11000,현금,False,False,3.0
2025-10-24,식비,이마트24,13000,계좌이체,False,True,
2025-10-24,교통비,SK주유소,7100,신용카드,False,False,5.0
2025-10-24,식비,구내식당,9000,현금,False,True,
2025-10-25,식비,배달의민족,22000,체크카드,False,False,5.0
2025-10-25,교통비,카카오T,1300,현금,False,True,
2025-10-25,식비,구내식당,7000,현금,False,True,
2025-10-25,교통비,택시,400,체크카드,False,False,3.0
2025-10-25,교통비,택시,9500,신용카드,False,False,3.0
2025-10-25,주거/통신,월세,500000,계좌이체,True,True,
2025-10-26,교통비,GS칼텍스,10000,신용카드,False,True,
2025-10-26,문화/여가,PC방,26000,현금,False,False,3.0
2025-10-26,교통비,지하철,9300,체크카드,False,True,
2025-10-26,식비,배달의민족,19000,신용카드,False,True,
2025-10-26,교통비,택시,7400,계좌이체,False,False,5.0
2025-10-27,식비,GS25,25000,신용카드,False,True,
2025-10-27,식비,맥도날드,11000,계좌이체,False,False,4.0
2025-10-27,문화/여가,교보문고,44000,체크카드,False,True,
2025-10-27,식비,투썸플레이스,20000,계좌이체,False,False,4.0
2025-10-27,식비,이마트24,16000,현금,False,True,
2025-10-28,주거/통신,SKT통신비,50000,계좌이체,True,True,
2025-10-28,교통비,카카오T,7600,현금,False,True,
2025-10-28,교통비,지하철,6500,체크카드,False,True,
2025-10-28,쇼핑,ZARA,76000,계좌이체,False,False,3.0
2025-10-28,교통비,지하철,5400,체크카드,False,True,
2025-10-28,식비,투썸플레이스,16000,체크카드,False,False,3.0
2025-10-28,식비,쿠팡이츠,14000,현금,False,False,3.0
2025-10-28,주거/통신,도시가스,45000,계좌이체,True,True,
2025-10-28,문화/여가,교보문고,14000,신용카드,False,False,3.0
2025-10-29,교통비,카카오T,3200,신용카드,False,True,
2025-10-29,교통비,택시,2900,계좌이체,False,False,3.0
2025-10-30,교통비,택시,6900,신용카드,False,False,4.0
2025-10-30,쇼핑,쿠팡,38000,신용카드,False,False,4.0
2025-10-30,식비,김밥천국,9000,체크카드,False,True,
2025-10-31,쇼핑,유니클로,101000,신용카드,False,True,
2025-10-31,식비,GS25,10000,현금,False,True,
2025-10-31,쇼핑,다이소,48000,현금,False,True,
2025-10-31,식비,배달의민족,8000,신용카드,False,False,1.0
2025-11-01,교통비,코레일,4600,체크카드,False,True,
2025-11-01,교통비,GS칼텍스,5900,체크카드,False,True,
2025-11-01,문화/여가,롯데월드,39000,현금,False,False,2.0
2025-11-01,문화/여가,롯데월드,22000,신용카드,False,False,5.0
2025-11-01,문화/여가,멜론,10000,신용카드,True,False,4.0
2025-11-01,교통비,택시,3800,신용카드,False,False,5.0
2025-11-01,쇼핑,네이버쇼핑,40000,신용카드,False,False,3.0
2025-11-02,쇼핑,쿠팡,99000,현금,False,False,4.0
2025-11-02,교통비,택시,4100,신용카드,False,False,5.0
2025-11-02,교통비,버스,4700,현금,False,True,
2025-11-02,교육,영어 강의,80000,현금,True,True,
2025-11-02,쇼핑,네이버쇼핑,118000,계좌이체,False,False,3.0
2025-11-02,의료/건강,약국,32000,현금,False,True,
2025-11-02,교통비,SK주유소,7700,현금,False,False,5.0
2025-11-02,의료/건강,약국,5000,계좌이체,False,True,
2025-11-03,문화/여가,볼링장,35000,현금,False,False,4.0
2025-11-03,쇼핑,네이버쇼핑,110000,계좌이체,False,False,3.0
2025-11-04,식비,김밥천국,22000,신용카드,False,True,
2025-11-04,식비,투썸플레이스,18000,신용카드,False,False,2.0
2025-11-04,식비,투썸플레이스,11000,현금,False,True,
2025-11-04,교통비,버스,9800,계좌이체,False,True,
2025-11-04,교통비,코레일,6600,신용카드,False,True,
2025-11-05,쇼핑,쿠팡,80000,신용카드,False,False,5.0
2025-11-06,식비,투썸플레이스,11000,현금,False,False,1.0
2025-11-06,쇼핑,ZARA,75000,현금,False,False,5.0
2025-11-07,교통비,택시,2900,체크카드,False,False,3.0
2025-11-07,쇼핑,다이소,58000,체크카드,False,True,
2025-11-07,식비,김밥천국,14000,현금,False,True,
2025-11-07,기타,경조사비,40000,체크카드,False,False,2.0
2025-11-07,식비,구내식당,16000,계좌이체,False,True,
2025-11-08,식비,배달의민족,11000,신용카드,False,True,
2025-11-08,교통비,GS칼텍스,2500,계좌이체,False,True,
2025-11-08,쇼핑,네이버쇼핑,14000,계좌이체,False,False,4.0
2025-11-08,교통비,카카오T,1800,체크카드,False,True,
2025-11-08,식비,구내식당,19000,체크카드,False,True,
2025-11-08,문화/여가,볼링장,36000,현금,False,False,4.0
2025-11-08,주거/통신,인터넷요금,20000,계좌이체,True,True,
2025-11-09,교통비,택시,7000,체크카드,False,False,2.0
2025-11-09,식비,투썸플레이스,19000,체크카드,False,False,5.0
2025-11-09,식비,이마트24,12000,체크카드,False,False,4.0
2025-11-09,문화/여가,유튜브프리미엄,6000,신용카드,True,False,2.0
2025-11-10,식비,쿠팡이츠,22000,체크카드,False,False,2.0
2025-11-10,교통비,택시,3600,계좌이체,False,False,1.0
2025-11-10,교육,교재구입,70000,신용카드,True,True,
2025-11-10,교통비,코레일,4800,신용카드,False,True,
2025-11-10,식비,쿠팡이츠,10000,신용카드,False,False,5.0
2025-11-11,교통비,버스,6000,계좌이체,False,True,
2025-11-11,식비,스타벅스,13000,체크카드,False,False,4.0
2025-11-11,쇼핑,다이소,73000,현금,False,False,5.0
2025-11-12,교육,교재구입,20000,신용카드,True,True,
2025-11-12,교통비,GS칼텍스,9400,계좌이체,False,False,4.0
2025-11-12,문화/여가,CGV,46000,현금,False,False,1.0
2025-11-13,문화/여가,PC방,8000,체크카드,False,False,4.0
2025-11-13,기타,경조사비,90000,계좌이체,False,False,3.0
2025-11-13,교육,교재구입,90000,체크카드,True,True,
2025-11-13,쇼핑,올리브영,124000,체크카드,False,True,
2025-11-13,식비,쿠팡이츠,8000,신용카드,False,False,4.0
2025-11-13,문화/여가,볼링장,48000,체크카드,False,False,4.0
2025-11-13,교육,교재구입,20000,현금,True,True,
2025-11-13,문화/여가,CGV,27000,체크카드,False,False,2.0
2025-11-13,의료/건강,치과,40000,현금,False,True,
2025-11-13,쇼핑,다이소,27000,신용카드,False,False,5.0
2025-11-13,문화/여가,PC방,14000,계좌이체,False,False,5.0
2025-11-14,교통비,GS칼텍스,7800,계좌이체,False,True,
2025-11-14,의료/건강,약국,17000,현금,False,True,
2025-11-14,식비,쿠팡이츠,24000,계좌이체,False,False,3.0
2025-11-14,문화/여가,ChatGPT,14000,신용카드,True,False,5.0
2025-11-14,식비,이마트24,6000,계좌이체,False,True,
2025-11-14,주거/통신,SKT통신비,35000,계좌이체,True,True,
2025-11-15,문화/여가,CGV,21000,계좌이체,False,False,3.0
2025-11-15,식비,스타벅스,25000,계좌이체,False,False,3.0
2025-11-16,식비,맥도날드,10000,신용카드,False,False,4.0
2025-11-16,교통비,카카오T,3700,신용카드,False,False,4.0
2025-11-17,식비,삼겹살집,11000,체크카드,False,False,4.0
2025-11-17,쇼핑,유니클로,121000,체크카드,False,False,1.0
2025-11-17,교통비,코레일,7700,계좌이체,False,True,
2025-11-18,식비,쿠팡이츠,17000,현금,False,False,4.0
2025-11-19,교육,교재구입,80000,체크카드,True,True,
2025-11-19,교육,교재구입,70000,현금,True,True,
2025-11-19,교통비,택시,4100,계좌이체,False,False,1.0
2025-11-19,의료/건강,내과,30000,계좌이체,False,True,
2025-11-19,문화/여가,CGV,21000,계좌이체,False,False,3.0
2025-11-19,식비,맥도날드,21000,신용카드,False,False,1.0
2025-11-19,문화/여가,교보문고,32000,현금,False,False,5.0
2025-11-20,교통비,택시,2400,계좌이체,False,False,5.0
2025-11-20,식비,김밥천국,17000,신용카드,False,True,
2025-11-20,식비,GS25,24000,계좌이체,False,True,
2025-11-20,교육,토익접수,80000,계좌이체,True,True,
2025-11-20,문화/여가,롯데월드,19000,현금,False,False,3.0
2025-11-21,쇼핑,무신사,61000,현금,False,False,1.0
2025-11-21,식비,이마트24,22000,체크카드,False,True,
2025-11-21,식비,구내식당,24000,현금,False,True,
2025-11-22,주거/통신,관리비,20000,계좌이체,True,True,
2025-11-22,식비,맥도날드,25000,체크카드,False,False,5.0
2025-11-22,쇼핑,다이소,70000,계좌이체,False,True,
2025-11-22,식비,스타벅스,10000,현금,False,False,3.0
2025-11-22,문화/여가,야구장,16000,체크카드,False,False,3.0
2025-11-22,식비,투썸플레이스,19000,계좌이체,False,False,4.0
2025-11-22,문화/여가,야구장,29000,신용카드,False,False,4.0
2025-11-23,식비,배달의민족,23000,현금,False,True,
2025-11-23,식비,이마트24,17000,신용카드,False,True,
2025-11-23,문화/여가,교보문고,23000,체크카드,False,True,
2025-11-24,주거/통신,도시가스,50000,계좌이체,True,True,
2025-11-24,쇼핑,네이버쇼핑,109000,현금,False,False,5.0
2025-11-24,쇼핑,ZARA,56000,현금,False,False,3.0
2025-11-24,의료/건강,정형외과,16000,신용카드,False,False,3.0
2025-11-24,문화/여가,롯데월드,34000,계좌이체,False,False,3.0
2025-11-25,식비,맥도날드,18000,계좌이체,False,False,1.0
2025-11-25,쇼핑,쿠팡,139000,계좌이체,False,True,
2025-11-25,문화/여가,롯데월드,7000,계좌이체,False,True,
2025-11-25,주거/통신,월세,500000,계좌이체,True,True,
2025-11-25,식비,배달의민족,16000,계좌이체,False,False,3.0
2025-11-25,문화/여가,야구장,29000,계좌이체,False,False,5.0
2025-11-25,문화/여가,쿠팡와우,15000,신용카드,True,False,4.0
2025-11-26,문화/여가,야구장,50000,체크카드,False,False,5.0
2025-11-26,식비,쿠팡이츠,24000,계좌이체,False,False,5.0
2025-11-26,문화/여가,볼링장,25000,현금,False,False,3.0
2025-11-26,문화/여가,넷플릭스,13000,신용카드,True,False,4.0
2025-11-27,식비,투썸플레이스,12000,체크카드,False,False,1.0
2025-11-27,쇼핑,네이버쇼핑,115000,신용카드,False,False,4.0
2025-11-27,쇼핑,유니클로,33000,체크카드,False,False,3.0
2025-11-27,문화/여가,볼링장,27000,신용카드,False,False,5.0
2025-11-28,식비,삼겹살집,12000,계좌이체,False,False,2.0
2025-11-28,교통비,카카오T,2600,신용카드,False,True,
2025-11-29,문화/여가,야구장,47000,계좌이체,False,False,5.0
2025-11-30,문화/여가,교보문고,31000,계좌이체,False,False,4.0
2025-11-30,쇼핑,무인양품,31000,체크카드,False,False,2.0
2025-11-30,식비,구내식당,14000,계좌이체,False,False,5.0
2025-11-30,쇼핑,다이소,101000,신용카드,False,False,3.0
2025-11-30,쇼핑,올리브영,140000,체크카드,False,False,5.0
2025-12-01,쇼핑,무신사,96000,체크카드,False,False,2.0
2025-12-01,쇼핑,네이버쇼핑,16000,체크카드,False,False,3.0
2025-12-01,문화/여가,볼링장,45000,계좌이체,False,False,3.0
2025-12-01,교통비,지하철,9200,현금,False,True,
2025-12-02,식비,삼겹살집,11000,신용카드,False,False,4.0
2025-12-02,주거/통신,관리비,50000,계좌이체,True,True,
2025-12-02,식비,삼겹살집,23000,체크카드,False,False,1.0
2025-12-02,교통비,지하철,6200,계좌이체,False,True,
2025-12-02,교통비,지하철,8900,현금,False,True,
2025-12-02,교통비,버스,7200,신용카드,False,False,3.0
2025-12-03,문화/여가,CGV,47000,현금,False,False,3.0
2025-12-03,문화/여가,ChatGPT,7000,신용카드,True,False,3.0
2025-12-03,식비,투썸플레이스,10000,계좌이체,False,False,3.0
2025-12-03,교통비,지하철,2000,체크카드,False,True,
2025-12-03,식비,이마트24,20000,체크카드,False,True,
2025-12-03,쇼핑,ZARA,47000,체크카드,False,False,4.0
2025-12-03,교통비,GS칼텍스,6200,현금,False,True,
2025-12-04,문화/여가,유튜브프리미엄,15000,신용카드,True,False,3.0
2025-12-04,의료/건강,정형외과,32000,신용카드,False,True,
2025-12-04,쇼핑,올리브영,123000,체크카드,False,False,3.0
2025-12-04,교통비,택시,4100,현금,False,True,
2025-12-04,쇼핑,무신사,41000,계좌이체,False,False,1.0
2025-12-04,식비,배달의민족,14000,현금,False,False,3.0
2025-12-05,쇼핑,무신사,108000,체크카드,False,False,3.0
2025-12-06,식비,이마트24,4000,신용카드,False,True,
2025-12-06,의료/건강,헬스장할부,29000,현금,False,True,
2025-12-06,식비,쿠팡이츠,22000,신용카드,False,False,4.0
2025-12-06,주거/통신,SKT통신비,35000,계좌이체,True,True,
2025-12-06,쇼핑,유니클로,93000,현금,False,False,2.0
2025-12-06,교통비,GS칼텍스,2200,체크카드,False,True,
2025-12-07,식비,이마트24,19000,계좌이체,False,True,
2025-12-07,식비,배달의민족,24000,현금,False,False,5.0
2025-12-08,의료/건강,치과,15000,신용카드,False,True,
2025-12-08,쇼핑,무인양품,123000,계좌이체,False,True,
2025-12-08,문화/여가,교보문고,20000,신용카드,False,False,4.0
2025-12-08,문화/여가,CGV,45000,신용카드,False,False,5.0
2025-12-08,식비,맥도날드,21000,체크카드,False,False,2.0
2025-12-08,교통비,GS칼텍스,300,계좌이체,False,True,
2025-12-08,문화/여가,CGV,11000,계좌이체,False,False,3.0
2025-12-08,교통비,지하철,700,신용카드,False,True,
2025-12-09,식비,김밥천국,18000,신용카드,False,True,
2025-12-09,식비,구내식당,13000,현금,False,True,
2025-12-09,교통비,코레일,4200,현금,False,True,
2025-12-10,식비,배달의민족,21000,계좌이체,False,False,4.0
2025-12-10,문화/여가,볼링장,11000,체크카드,False,False,2.0
2025-12-10,식비,GS25,4000,신용카드,False,True,
2025-12-10,식비,김밥천국,24000,계좌이체,False,True,
2025-12-10,문화/여가,야구장,34000,계좌이체,False,False,3.0
2025-12-11,쇼핑,ZARA,131000,체크카드,False,True,
2025-12-11,식비,이마트24,17000,신용카드,False,True,
2025-12-11,식비,삼겹살집,15000,체크카드,False,False,3.0
2025-12-11,문화/여가,넷플릭스,15000,신용카드,True,False,5.0
2025-12-11,기타,더치페이,40000,현금,False,False,3.0
2025-12-12,교통비,GS칼텍스,6100,현금,False,True,
2025-12-12,교통비,지하철,4100,체크카드,False,True,
2025-12-12,의료/건강,헬스장할부,12000,계좌이체,False,True,
2025-12-12,교통비,카카오T,3100,계좌이체,False,True,
2025-12-12,문화/여가,롯데월드,34000,계좌이체,False,False,5.0
2025-12-13,교통비,택시,9300,체크카드,False,True,
2025-12-13,식비,삼겹살집,11000,신용카드,False,False,5.0
2025-12-14,교통비,택시,4300,계좌이체,False,False,3.0
2025-12-14,식비,쿠팡이츠,14000,신용카드,False,True,
2025-12-14,의료/건강,치과,43000,계좌이체,False,True,
2025-12-14,문화/여가,PC방,15000,신용카드,False,False,3.0
2025-12-14,식비,배달의민족,10000,체크카드,False,False,3.0
2025-12-14,교통비,SK주유소,2700,계좌이체,False,True,
2025-12-14,쇼핑,쿠팡,114000,계좌이체,False,False,4.0
2025-12-14,식비,쿠팡이츠,13000,체크카드,False,False,3.0
2025-12-15,쇼핑,올리브영,11000,신용카드,False,True,
2025-12-15,교통비,SK주유소,9000,현금,False,True,
2025-12-16,쇼핑,올리브영,117000,신용카드,False,False,5.0
2025-12-17,쇼핑,다이소,50000,현금,False,True,
2025-12-17,문화/여가,멜론,9000,신용카드,True,False,1.0
2025-12-17,식비,구내식당,6000,계좌이체,False,False,5.0
2025-12-17,식비,쿠팡이츠,22000,체크카드,False,False,5.0
2025-12-18,교통비,SK주유소,1700,현금,False,True,
2025-12-18,기타,더치페이,60000,계좌이체,False,False,2.0
2025-12-18,문화/여가,교보문고,9000,계좌이체,False,False,5.0
2025-12-18,식비,삼겹살집,6000,현금,False,False,5.0
2025-12-18,식비,스타벅스,12000,체크카드,False,True,
2025-12-18,식비,쿠팡이츠,17000,현금,False,False,5.0
2025-12-19,교통비,지하철,7200,체크카드,False,False,3.0
2025-12-19,문화/여가,볼링장,16000,계좌이체,False,False,4.0
2025-12-19,교통비,GS칼텍스,1800,신용카드,False,True,
2025-12-19,식비,구내식당,19000,현금,False,True,
2025-12-19,식비,쿠팡이츠,17000,체크카드,False,False,3.0
2025-12-19,교통비,GS칼텍스,3800,체크카드,False,True,
2025-12-20,식비,GS25,14000,계좌이체,False,True,
2025-12-20,식비,쿠팡이츠,5000,신용카드,False,False,3.0
2025-12-21,쇼핑,무신사,47000,계좌이체,False,False,5.0
2025-12-21,식비,쿠팡이츠,11000,체크카드,False,False,5.0
2025-12-21,식비,맥도날드,9000,신용카드,False,False,5.0
2025-12-21,교통비,코레일,7500,신용카드,False,True,
2025-12-21,식비,이마트24,25000,신용카드,False,True,
2025-12-21,식비,투썸플레이스,15000,체크카드,False,False,3.0
2025-12-21,교통비,버스,2100,계좌이체,False,True,
2025-12-22,교통비,카카오T,900,체크카드,False,True,
2025-12-22,쇼핑,네이버쇼핑,145000,체크카드,False,False,3.0
2025-12-22,교통비,코레일,2100,체크카드,False,True,
2025-12-23,교통비,버스,3100,신용카드,False,False,4.0
2025-12-23,주거/통신,도시가스,50000,계좌이체,True,True,
2025-12-23,쇼핑,네이버쇼핑,56000,현금,False,False,3.0
2025-12-24,식비,김밥천국,17000,계좌이체,False,True,
2025-12-24,교육,영어 강의,30000,계좌이체,True,True,
2025-12-24,쇼핑,쿠팡,15000,계좌이체,False,False,5.0
2025-12-24,교통비,택시,900,현금,False,True,
2025-12-24,식비,배달의민족,6000,신용카드,False,False,1.0
2025-12-25,문화/여가,교보문고,43000,체크카드,False,False,4.0
2025-12-25,주거/통신,인터넷요금,40000,계좌이체,True,True,
2025-12-25,식비,맥도날드,9000,체크카드,False,False,5.0
2025-12-25,주거/통신,월세,500000,계좌이체,True,True,
2025-12-26,쇼핑,올리브영,16000,현금,False,False,2.0
2025-12-26,식비,삼겹살집,8000,계좌이체,False,False,2.0
2025-12-26,쇼핑,무신사,61000,계좌이체,False,False,2.0
2025-12-26,식비,김밥천국,13000,현금,False,True,
2025-12-26,식비,배달의민족,16000,신용카드,False,False,5.0
2025-12-26,교통비,지하철,2900,신용카드,False,True,
2025-12-26,문화/여가,롯데월드,50000,체크카드,False,False,2.0
2025-12-26,문화/여가,야구장,25000,계좌이체,False,False,2.0
2025-12-27,문화/여가,야구장,49000,계좌이체,False,False,3.0
2025-12-27,문화/여가,볼링장,19000,현금,False,False,3.0
2025-12-27,문화/여가,쿠팡와우,8000,신용카드,True,False,4.0
2025-12-27,문화/여가,야구장,7000,신용카드,False,False,5.0
2025-12-28,기타,더치페이,60000,계좌이체,False,False,4.0
2025-12-28,교통비,지하철,800,체크카드,False,True,
2025-12-29,교통비,코레일,2000,현금,False,True,
2025-12-29,쇼핑,유니클로,6000,신용카드,False,False,3.0
2025-12-30,교육,영어 강의,60000,계좌이체,True,True,
2025-12-30,쇼핑,쿠팡,79000,현금,False,False,3.0
2025-12-31,식비,배달의민족,7000,현금,False,True,
