date,amount,category,description,payment_method,is_fixed,essential
2026/10/01,"23,000",문화/여가,볼링장,신용카드,False,False
2026-03-15,65000,쇼핑,ZARA,현금,False,False
2026/08/07,"17,000",교통비,버스,신용카드,False,True
2026-02-13,125000,쇼핑,무인양품,계좌이체,False,True
2026-05-03,60000,쇼핑,ZARA,체크카드,False,False
2026-06-19,15000,식비,맥도날드,체크카드,False,False
2026-02-10,22000,식비,맥도날드,체크카드,False,False
2026-01-31,25000,식비,스타벅스,체크카드,False,True
2026-10-20,42000,의료/건강,약국,현금,False,True
2026-05-27,"5,000",의료/건강,정형외과,현금,False,True
2026/12/24,"122,000",쇼핑,무인양품,계좌이체,False,False
2026-12-20,20000,식비,배달의민족,신용카드,False,False
2026-01-24,17400,교통비,SK주유소,계좌이체,False,True
2026-04-18,25000,식비,GS25,체크카드,False,True
2026-10-06,"34,000",문화/여가,교보문고,신용카드,False,False
2026-11-08,10000,문화/여가,볼링장,신용카드,False,False
2026-11-03,90000,교육,인프런,계좌이체,False,True
2026-09-18,17000,식비,구내식당,신용카드,False,True
2026-11-21,20400,교통비,카카오T,계좌이체,False,True
2026-08-02,"120,000",주거/통신,관리비,계좌이체,True,True
2026.01.20,22700,교통비,택시,체크카드,False,False
2026-03-28,25000,식비,배달의민족,현금,False,False
2026-08-27,13000,문화/여가,롯데월드,체크카드,False,False
2026.02.21,23600,교통비,카카오T,체크카드,False,True
2026.04.17,12000,식비,김밥천국,현금,False,False
2026/07/06,"17,800",교통비,택시,체크카드,False,False
2026-01-22,7100,교통비,코레일,체크카드,False,True
2026-11-14,14700,교통비,SK주유소,계좌이체,False,True
2026-11-06,"15,600",교통비,GS칼텍스,체크카드,False,True
2026-03-05,28000,의료/건강,치과,신용카드,False,True
2026-11-04,23900,교통비,카카오T,현금,False,True
2026-03-06,20000,주거/통신,인터넷요금,계좌이체,True,True
2026-09-19,4500,교통비,버스,현금,False,True
2026-02-27,16000,식비,구내식당,현금,False,True
2026-08-01,"15,000",식비,김밥천국,신용카드,False,True
2026-03-09,"34,000",문화/여가,야구장,계좌이체,False,False
2026-12-03,20000,의료/건강,약국,신용카드,False,True
2026-01-24,"18,100",교통비,SK주유소,계좌이체,False,True
2026-06-23,16000,식비,삼겹살집,체크카드,False,False
2026-07-03,"10,200",교통비,GS칼텍스,현금,False,True
2026-11-13,8300,교통비,버스,현금,False,True
2026-08-27,"10,000",문화/여가,PC방,계좌이체,False,False
2026.06.12,"10,000",주거/통신,도시가스,계좌이체,True,True
2026-08-28,92000,쇼핑,네이버쇼핑,현금,False,False
2026-04-10,25000,식비,스타벅스,계좌이체,False,False
2026-05-10,18000,식비,투썸플레이스,신용카드,False,False
2026-02-04,7000,교통비,버스,계좌이체,False,True
2026/07/28,"120,000",주거/통신,관리비,계좌이체,True,True
2026.08.23,12000,식비,구내식당,체크카드,False,True
2026-10-27,"10,300",교통비,SK주유소,현금,False,True
2026-05-11,"16,000",식비,GS25,체크카드,False,True
2026-08-29,23000,구독,ChatGPT,신용카드,True,False
2026-08-04,12000,식비,배달의민족,체크카드,False,False
2026/08/10,"2,000",교통비,버스,계좌이체,False,True
2026.09.23,20000,문화/여가,볼링장,체크카드,False,False
2026-04-07,2500,교통비,SK주유소,신용카드,False,True
2026/12/05,22000,문화/여가,롯데월드,계좌이체,False,False
2026-08-10,14000,식비,삼겹살집,계좌이체,False,False
2026-04-19,49000,문화/여가,롯데월드,계좌이체,False,False
2026/07/26,"23,300",교통비,택시,체크카드,False,False
2026-09-10,"88,000",쇼핑,유니클로,신용카드,False,False
2026-01-30,"148,000",쇼핑,무신사,계좌이체,False,False
2026-10-25,700000,주거/통신,월세,계좌이체,True,True
2026-10-18,"14,300",교통비,지하철,계좌이체,False,True
2026-12-25,4800,교통비,버스,계좌이체,False,True
2026-05-11,33000,문화/여가,야구장,계좌이체,False,False
2026-07-12,"6,000",식비,GS25,신용카드,False,True
2026.09.22,"10,600",교통비,지하철,현금,False,True
2026-06-24,14500,교통비,버스,신용카드,False,True
2026-03-08,12900,교통비,코레일,신용카드,False,True
2026-02-22,51000,쇼핑,올리브영,계좌이체,False,False
2026-01-13,119000,쇼핑,올리브영,체크카드,False,False
2026-03-09,6000,식비,스타벅스,현금,False,False
2026-12-30,27000,쇼핑,유니클로,현금,False,False
2026-05-19,23000,식비,구내식당,계좌이체,False,True
2026-05-02,17000,식비,GS25,현금,False,True
2026-06-02,"30,000",문화/여가,교보문고,신용카드,False,False
2026-05-04,69000,쇼핑,쿠팡,계좌이체,False,False
2026-02-26,76000,쇼핑,쿠팡,현금,False,True
2026.01.06,"25,000",식비,구내식당,신용카드,False,False
2026-01-06,"12,000",식비,이마트24,계좌이체,False,True
2026-03-28,15800,교통비,택시,체크카드,False,False
2026-12-22,"25,000",식비,쿠팡이츠,체크카드,False,False
2026-12-08,"9,000",문화/여가,롯데월드,현금,False,False
2026-09-19,5000,식비,맥도날드,신용카드,False,False
2026-07-23,"4,500",교통비,버스,신용카드,False,True
2026.01.14,15900,교통비,GS칼텍스,신용카드,False,True
2026-05-13,"134,000",쇼핑,네이버쇼핑,신용카드,False,False
2026.11.09,44000,의료/건강,약국,신용카드,False,True
2026-05-13,"80,000",기타,더치페이,현금,False,False
2026-09-09,9000,교통비,지하철,체크카드,False,True
2026-12-09,"22,000",구독,유튜브프리미엄,신용카드,True,False
2026-12-18,9000,식비,쿠팡이츠,체크카드,False,False
2026-01-11,30000,교육,영어 강의,체크카드,True,True
2026-05-08,"14,000",구독,쿠팡와우,신용카드,True,False
2026-02-21,"13,000",식비,맥도날드,계좌이체,False,False
2026/03/17,17000,문화/여가,PC방,계좌이체,False,False
2026-06-22,9000,식비,GS25,신용카드,False,True
2026-10-08,18000,구독,넷플릭스,신용카드,True,False
2026-04-26,7000,식비,스타벅스,체크카드,False,False
2026-01-18,"41,000",문화/여가,CGV,신용카드,False,False
2026-04-23,48000,문화/여가,PC방,신용카드,False,False
2026-02-16,"18,100",교통비,버스,신용카드,False,True
2026-05-31,19000,식비,배달의민족,신용카드,False,True
2026.12.26,11100,교통비,카카오T,신용카드,False,True
2026-08-07,76000,쇼핑,네이버쇼핑,계좌이체,False,False
2026-10-25,"18,000",식비,GS25,현금,False,True
2026-09-30,13000,식비,김밥천국,계좌이체,False,True
2026/01/05,"21,000",식비,GS25,계좌이체,False,True
2026-01-01,"7,000",식비,투썸플레이스,계좌이체,False,False
2026-11-13,23000,구독,넷플릭스,신용카드,True,False
2026.07.12,36000,문화/여가,교보문고,현금,False,False
2026/05/06,16000,식비,김밥천국,계좌이체,False,True
2026.11.02,19000,문화/여가,야구장,현금,False,False
2026-07-29,10800,교통비,버스,현금,False,True
2026-10-27,"4,300",교통비,GS칼텍스,신용카드,False,True
2026-03-26,"9,800",교통비,카카오T,계좌이체,False,True
2026/06/17,6200,교통비,카카오T,계좌이체,False,True
2026-04-22,12000,문화/여가,CGV,계좌이체,False,False
2026-09-07,50000,기타,경조사비,계좌이체,False,True
2026.08.28,7000,식비,스타벅스,신용카드,False,False
2026-02-26,7300,교통비,카카오T,체크카드,False,True
2026-12-24,20100,교통비,카카오T,계좌이체,False,True
2026-11-06,35000,문화/여가,교보문고,체크카드,False,False
2026-10-23,12000,문화/여가,야구장,신용카드,False,False
2026/11/24,12000,식비,투썸플레이스,현금,False,False
2026/06/16,23900,교통비,SK주유소,계좌이체,False,True
2026/05/06,9000,식비,배달의민족,현금,False,False
2026.08.08,"42,000",문화/여가,롯데월드,신용카드,False,False
2026-05-15,13700,교통비,택시,체크카드,False,False
2026-08-13,"10,000",식비,쿠팡이츠,현금,False,False
2026-05-11,10000,식비,투썸플레이스,체크카드,False,False
2026-11-22,18000,식비,배달의민족,체크카드,False,False
2026-10-13,"20,400",교통비,코레일,현금,False,True
2026-12-31,16000,식비,이마트24,체크카드,False,True
2026.07.15,14300,교통비,GS칼텍스,현금,False,True
2026-01-20,78000,쇼핑,쿠팡,현금,False,False
2026-11-09,"5,800",교통비,SK주유소,현금,False,True
2026-02-25,5000,식비,GS25,체크카드,False,True
2026-09-21,14000,쇼핑,쿠팡,계좌이체,False,False
2026-10-29,7100,교통비,지하철,계좌이체,False,False
2026-08-04,"47,000",문화/여가,롯데월드,현금,False,False
2026-06-27,"9,000",식비,GS25,계좌이체,False,True
2026-11-19,20000,주거/통신,도시가스,계좌이체,True,True
2026-05-07,6000,문화/여가,PC방,신용카드,False,False
2026-08-04,11000,교통비,택시,신용카드,False,False
2026-02-03,17000,문화/여가,CGV,신용카드,False,False
2026-02-08,"6,000",식비,이마트24,현금,False,True
2026-12-18,"8,000",문화/여가,교보문고,계좌이체,False,False
2026-04-12,45000,문화/여가,야구장,계좌이체,False,False
2026-04-13,12000,쇼핑,ZARA,체크카드,False,False
2026-04-30,16000,식비,삼겹살집,계좌이체,False,False
2026/09/06,9000,식비,GS25,체크카드,False,True
2026-07-20,90000,기타,모임회비,현금,False,False
2026-02-03,"18,000",식비,배달의민족,신용카드,False,False
2026-04-21,43000,문화/여가,롯데월드,계좌이체,False,False
2026-01-30,13300,교통비,버스,계좌이체,False,True
2026-08-16,"16,000",의료/건강,치과,계좌이체,False,True
2026-08-25,98000,쇼핑,다이소,체크카드,False,True
2026-10-05,28000,문화/여가,볼링장,계좌이체,False,False
2026-01-10,19700,교통비,버스,현금,False,True
2026-06-17,22900,교통비,SK주유소,현금,False,False
2026-04-15,23000,문화/여가,볼링장,신용카드,False,False
2026-05-27,7300,교통비,코레일,현금,False,True
2026-10-29,11000,교통비,버스,현금,False,True
2026.02.13,"4,000",식비,이마트24,체크카드,False,True
2026-01-08,16000,식비,스타벅스,현금,False,False
2026-10-20,31000,문화/여가,PC방,계좌이체,False,False
2026.09.24,45000,문화/여가,볼링장,체크카드,False,False
2026-08-06,11200,교통비,지하철,계좌이체,False,True
2026-03-18,21200,교통비,지하철,현금,False,True
2026.02.11,18000,쇼핑,무인양품,현금,False,False
2026-06-19,"15,400",교통비,코레일,현금,False,True
2026-03-24,25000,식비,GS25,계좌이체,False,True
2026-06-26,19400,교통비,카카오T,현금,False,True
2026/08/30,101000,쇼핑,올리브영,신용카드,False,False
2026-08-28,19000,식비,GS25,체크카드,False,True
2026.09.03,"21,000",식비,이마트24,계좌이체,False,True
2026-09-30,6000,식비,김밥천국,체크카드,False,True
2026-04-17,6000,식비,투썸플레이스,현금,False,False
2026-03-04,12000,식비,스타벅스,계좌이체,False,False
2026-03-01,13000,문화/여가,롯데월드,체크카드,False,False
2026/04/11,"26,000",문화/여가,롯데월드,신용카드,False,False
2026-12-18,36000,문화/여가,볼링장,신용카드,False,False
2026-06-24,24000,식비,쿠팡이츠,현금,False,False
2026-07-10,100000,교육,교재구입,현금,True,True
2026-03-28,"7,000",식비,스타벅스,체크카드,False,False
2026-10-03,12200,교통비,카카오T,신용카드,False,True
2026-04-29,9800,교통비,카카오T,현금,False,True
2026-02-05,10400,교통비,버스,계좌이체,False,True
2026.11.08,54000,쇼핑,쿠팡,현금,False,False
2026-10-08,"17,000",식비,GS25,계좌이체,False,True
2026-04-05,17000,식비,배달의민족,신용카드,False,False
2026-12-30,5000,식비,삼겹살집,신용카드,False,False
2026-01-22,"33,000",문화/여가,야구장,계좌이체,False,False
2026-10-13,23000,식비,쿠팡이츠,계좌이체,False,False
2026.11.30,9000,식비,스타벅스,현금,False,False
2026-12-11,21800,교통비,GS칼텍스,계좌이체,False,True
2026-08-31,5000,문화/여가,야구장,계좌이체,False,False
2026-07-28,13500,교통비,버스,체크카드,False,True
2026-10-09,15000,식비,투썸플레이스,체크카드,False,False
2026-09-25,118000,쇼핑,무신사,신용카드,False,False
2026/04/08,"23,000",식비,배달의민족,현금,False,False
2026-08-15,"9,000",식비,GS25,현금,False,True
2026/02/18,32000,의료/건강,약국,신용카드,False,True
2026-06-11,9000,문화/여가,교보문고,계좌이체,False,False
2026-12-07,80000,기타,모임회비,현금,False,False
2026-11-16,3800,교통비,지하철,체크카드,False,True
2026-06-16,18000,식비,김밥천국,신용카드,False,True
2026-09-06,"5,000",식비,GS25,신용카드,False,True
2026-05-12,131000,쇼핑,무인양품,신용카드,False,False
2026-09-29,"43,000",의료/건강,내과,체크카드,False,True
2026-03-07,24000,식비,이마트24,현금,False,True
2026-02-06,27000,문화/여가,야구장,체크카드,False,False
2026-04-13,10500,교통비,택시,계좌이체,False,False
2026-09-06,13000,식비,김밥천국,신용카드,False,True
2026-10-08,47000,문화/여가,롯데월드,현금,False,False
2026-08-26,31000,문화/여가,롯데월드,체크카드,False,False
2026-06-16,11000,쇼핑,무신사,현금,False,False
2026-03-12,13000,식비,투썸플레이스,체크카드,False,False
2026.11.25,100000,교육,영어 강의,현금,False,True
2026-02-10,8000,식비,배달의민족,체크카드,False,False
2026-03-08,5000,식비,GS25,계좌이체,False,True
2026-04-16,17000,식비,쿠팡이츠,계좌이체,False,False
2026-12-04,2200,교통비,버스,계좌이체,False,True
2026/07/26,8500,교통비,SK주유소,계좌이체,False,True
2026-10-20,49000,문화/여가,볼링장,현금,False,False
2026-09-20,22000,문화/여가,PC방,체크카드,False,True
2026.04.02,5000,쇼핑,올리브영,계좌이체,False,False
2026-08-12,20700,교통비,GS칼텍스,계좌이체,False,True
2026-02-24,23000,식비,GS25,현금,False,True
2026-10-05,11000,식비,배달의민족,현금,False,True
2026-11-20,5000,식비,GS25,체크카드,False,True
2026-03-25,23000,식비,맥도날드,체크카드,False,False
2026-01-28,21000,식비,GS25,체크카드,False,True
2026-05-18,25000,구독,ChatGPT,신용카드,True,False
2026-07-14,"24,000",식비,쿠팡이츠,신용카드,False,False
2026-03-13,"144,000",쇼핑,다이소,현금,False,True
2026-06-04,"20,700",교통비,코레일,현금,False,True
2026-05-03,70000,교육,토익접수,계좌이체,False,True
2026-05-15,17000,쇼핑,무신사,현금,False,False
2026-05-22,16000,식비,GS25,체크카드,False,True
2026-11-01,11000,식비,맥도날드,체크카드,False,False
2026.03.05,"18,000",교통비,택시,계좌이체,False,False
2026-06-30,150000,쇼핑,네이버쇼핑,신용카드,False,False
2026/10/16,"22,400",교통비,카카오T,현금,False,True
2026-02-14,43000,문화/여가,롯데월드,현금,False,False
2026/04/05,37000,문화/여가,롯데월드,체크카드,False,False
2026-03-24,41000,문화/여가,야구장,체크카드,False,False
2026/04/26,15000,식비,배달의민족,계좌이체,False,False
2026-04-16,13200,교통비,버스,현금,False,True
2026-02-01,21000,식비,김밥천국,계좌이체,False,True
2026-07-17,50000,문화/여가,CGV,계좌이체,False,False
2026-01-10,"4,000",식비,배달의민족,신용카드,False,True
2026.01.23,10000,문화/여가,교보문고,계좌이체,False,False
2026-04-25,"14,000",식비,배달의민족,계좌이체,False,False
2026.12.09,23000,식비,이마트24,현금,False,True
2026-07-24,"20,300",교통비,GS칼텍스,현금,False,True
2026-01-25,700000,주거/통신,월세,계좌이체,True,True
2026-08-18,"37,000",문화/여가,교보문고,신용카드,False,False
2026-09-08,19000,식비,쿠팡이츠,현금,False,True
2026-01-11,5000,문화/여가,롯데월드,신용카드,False,True
2026-06-02,21000,식비,김밥천국,신용카드,False,True
2026/09/27,19800,교통비,GS칼텍스,체크카드,False,True
2026-10-13,15000,식비,투썸플레이스,현금,False,False
2026-03-25,23700,교통비,코레일,체크카드,False,True
2026-03-03,"81,000",쇼핑,네이버쇼핑,체크카드,False,False
2026-11-19,15000,식비,GS25,계좌이체,False,True
2026-07-21,13000,식비,삼겹살집,신용카드,False,False
2026-06-23,"12,900",교통비,카카오T,계좌이체,False,True
2026-06-12,"31,000",문화/여가,PC방,체크카드,False,False
2026-10-13,"10,000",식비,스타벅스,체크카드,False,False
2026.06.20,17300,교통비,지하철,체크카드,False,True
2026.09.14,140000,주거/통신,관리비,계좌이체,True,True
2026-11-18,"4,000",식비,삼겹살집,계좌이체,False,False
2026-02-19,"20,000",문화/여가,볼링장,현금,False,False
2026-09-02,44000,문화/여가,CGV,현금,False,False
2026-08-15,"30,000",기타,더치페이,계좌이체,False,False
2026.12.20,73000,쇼핑,무인양품,체크카드,False,False
2026-03-19,24000,식비,배달의민족,신용카드,False,False
2026-10-22,80000,교육,교재구입,체크카드,False,True
2026-10-12,6000,식비,맥도날드,현금,False,False
2026-02-24,20000,교통비,택시,현금,False,False
2026-01-14,17000,식비,이마트24,신용카드,False,True
2026-03-21,112000,쇼핑,유니클로,현금,False,False
2026-06-12,24000,문화/여가,야구장,체크카드,False,False
2026-05-25,23700,교통비,버스,체크카드,False,True
2026-02-14,"70,000",주거/통신,SKT통신비,계좌이체,True,True
2026-04-24,"16,000",식비,이마트24,신용카드,False,True
2026-10-16,9000,식비,GS25,현금,False,True
2026.06.12,7000,문화/여가,교보문고,신용카드,False,False
2026-06-17,"50,000",교육,토익접수,계좌이체,False,True
2026-11-22,25000,식비,삼겹살집,체크카드,False,False
2026-03-30,130000,쇼핑,다이소,계좌이체,False,True
2026-07-19,19600,교통비,SK주유소,체크카드,False,False
2026-07-31,"15,000",식비,GS25,신용카드,False,True
2026.11.26,2700,교통비,GS칼텍스,계좌이체,False,True
2026-06-30,"47,000",문화/여가,야구장,계좌이체,False,False
2026-06-03,"45,000",문화/여가,야구장,계좌이체,False,False
2026-08-22,"21,000",문화/여가,CGV,현금,False,False
2026-09-05,"44,000",문화/여가,볼링장,계좌이체,False,False
2026-03-07,9000,문화/여가,야구장,신용카드,False,False
2026-02-17,13000,의료/건강,치과,신용카드,False,True
2026-01-09,"130,000",주거/통신,관리비,계좌이체,True,True
2026-05-19,8000,쇼핑,무인양품,체크카드,False,False
2026/07/07,24000,식비,맥도날드,체크카드,False,False
2026-11-07,10000,식비,배달의민족,계좌이체,False,False
2026-03-16,24000,식비,맥도날드,신용카드,False,False
2026-03-19,"120,000",주거/통신,관리비,계좌이체,True,True
2026-11-22,80000,쇼핑,다이소,신용카드,False,True
2026-09-14,46000,문화/여가,CGV,현금,False,False
2026-08-05,"15,000",식비,삼겹살집,신용카드,False,True
2026-08-18,30000,교육,토익접수,신용카드,True,True
2026-10-05,7000,식비,삼겹살집,체크카드,False,False
2026-11-01,80000,교육,교재구입,현금,False,True
2026/09/06,"20,000",식비,이마트24,체크카드,False,True
2026-10-29,14000,구독,유튜브프리미엄,신용카드,True,False
2026-11-09,14000,식비,스타벅스,체크카드,False,False
2026-06-13,22000,식비,투썸플레이스,현금,False,False
2026-03-08,45000,쇼핑,올리브영,계좌이체,False,False
2026-08-14,"21,000",식비,구내식당,계좌이체,False,True
2026-07-31,17900,교통비,GS칼텍스,체크카드,False,True
2026-08-15,"30,000",주거/통신,인터넷요금,계좌이체,True,True
2026-12-12,"5,000",식비,김밥천국,체크카드,False,True
2026-08-01,"16,000",문화/여가,야구장,현금,False,False
2026-11-30,"8,000",식비,삼겹살집,체크카드,False,False
2026-11-27,10000,구독,유튜브프리미엄,신용카드,True,False
2026/06/04,20000,식비,구내식당,체크카드,False,True
2026-04-07,"22,000",식비,구내식당,현금,False,True
2026.04.10,"70,000",주거/통신,SKT통신비,계좌이체,True,True
2026/05/21,10500,교통비,지하철,현금,False,True
2026-06-23,9000,의료/건강,약국,신용카드,False,True
2026-06-12,11000,식비,김밥천국,현금,False,True
2026-05-22,17000,문화/여가,볼링장,현금,False,False
2026-11-04,24300,교통비,카카오T,신용카드,False,True
2026/07/06,"6,700",교통비,카카오T,체크카드,False,True
2026-02-07,16700,교통비,코레일,체크카드,False,True
2026-01-30,134000,쇼핑,무인양품,현금,False,False
2026-10-13,20000,의료/건강,치과,체크카드,False,False
2026.04.03,"4,000",식비,구내식당,체크카드,False,True
2026-01-26,"105,000",쇼핑,유니클로,계좌이체,False,False
2026-02-28,21000,식비,삼겹살집,현금,False,False
2026-09-09,17000,식비,삼겹살집,현금,False,False
2026-05-01,20000,식비,투썸플레이스,신용카드,False,False
2026.12.29,"10,000",식비,삼겹살집,현금,False,False
2026/04/27,100000,기타,더치페이,계좌이체,False,False
2026-06-27,8000,교통비,지하철,현금,False,True
2026.10.18,"8,000",식비,쿠팡이츠,현금,False,True
2026/04/04,"126,000",쇼핑,쿠팡,체크카드,False,True
2026-12-28,16000,식비,스타벅스,계좌이체,False,False
2026-11-15,14000,식비,맥도날드,신용카드,False,False
2026.01.02,6000,문화/여가,야구장,현금,False,False
2026-08-18,9800,교통비,SK주유소,계좌이체,False,True
2026-01-23,40000,교육,교재구입,신용카드,False,True
2026-11-05,9000,쇼핑,ZARA,현금,False,False
2026-11-09,"100,000",교육,인프런,계좌이체,False,True
2026-04-16,"147,000",쇼핑,다이소,현금,False,True
2026-02-26,3800,교통비,코레일,신용카드,False,False
2026-06-14,"133,000",쇼핑,쿠팡,체크카드,False,False
2026-05-31,13000,구독,넷플릭스,신용카드,True,False
2026-01-15,23300,교통비,버스,계좌이체,False,False
2026-09-30,"35,000",문화/여가,볼링장,현금,False,False
2026-10-19,41000,문화/여가,볼링장,현금,False,False
2026-10-21,40000,문화/여가,롯데월드,현금,False,False
2026-01-24,12600,교통비,코레일,신용카드,False,True
2026.03.08,4300,교통비,택시,현금,False,False
2026-03-02,60000,교육,토익접수,계좌이체,False,True
2026/09/19,70000,교육,토익접수,체크카드,False,True
2026-01-14,"5,000",식비,GS25,현금,False,True
2026-12-13,12000,식비,김밥천국,현금,False,True
2026/09/14,"17,900",교통비,택시,계좌이체,False,False
2026-03-05,29000,쇼핑,쿠팡,신용카드,False,False
2026-07-06,"12,000",식비,맥도날드,체크카드,False,False
2026-12-09,25000,구독,멜론,신용카드,True,False
2026/04/15,10000,식비,투썸플레이스,신용카드,False,False
2026-11-20,"40,000",교육,교재구입,현금,False,True
2026/12/21,23000,문화/여가,롯데월드,체크카드,False,False
2026-02-19,5000,식비,쿠팡이츠,현금,False,False
2026-04-16,19600,교통비,SK주유소,체크카드,False,True
2026-11-03,"6,000",문화/여가,볼링장,계좌이체,False,False
2026-02-13,4000,식비,GS25,계좌이체,False,True
2026-07-15,11200,교통비,택시,신용카드,False,False
2026/05/11,20000,식비,맥도날드,신용카드,False,False
2026/12/23,44000,쇼핑,올리브영,체크카드,False,False
2026-06-17,"19,900",교통비,택시,계좌이체,False,False
2026-11-23,26000,의료/건강,내과,현금,False,True
2026.11.10,"30,000",기타,경조사비,신용카드,False,False
2026-08-20,"80,000",주거/통신,SKT통신비,계좌이체,True,True
2026-12-14,15000,문화/여가,롯데월드,체크카드,False,False
2026/03/15,"140,000",쇼핑,무신사,신용카드,False,True
2026-11-19,19000,문화/여가,교보문고,계좌이체,False,False
2026-08-12,77000,쇼핑,다이소,체크카드,False,True
2026-12-29,19000,문화/여가,PC방,체크카드,False,False
2026-09-28,"15,000",의료/건강,정형외과,현금,False,True
2026-10-15,20000,식비,GS25,체크카드,False,True
2026-09-06,16000,문화/여가,롯데월드,계좌이체,False,False
2026-03-26,"29,000",문화/여가,PC방,신용카드,False,False
2026/11/21,"15,200",교통비,카카오T,신용카드,False,True
2026/01/09,30000,주거/통신,도시가스,계좌이체,True,True
2026-06-12,"41,000",문화/여가,야구장,계좌이체,False,False
2026-02-10,110000,주거/통신,관리비,계좌이체,True,True
2026-05-25,12000,식비,GS25,신용카드,False,True
2026-05-08,"15,500",교통비,지하철,현금,False,True
2026-01-06,24000,구독,넷플릭스,신용카드,True,False
2026-05-25,142000,쇼핑,올리브영,계좌이체,False,False
2026-04-11,28000,의료/건강,약국,체크카드,False,True
2026-08-04,"100,000",교육,교재구입,신용카드,True,True
2026-03-15,7000,식비,스타벅스,현금,False,False
2026-11-25,11000,식비,맥도날드,계좌이체,False,False
2026-05-24,23000,식비,GS25,신용카드,False,True
2026-08-04,27000,문화/여가,야구장,신용카드,False,False
2026.03.18,44000,문화/여가,롯데월드,현금,False,False
2026-08-21,"28,000",쇼핑,네이버쇼핑,신용카드,False,False
2026-02-04,20000,주거/통신,인터넷요금,계좌이체,True,True
2026-05-15,16000,교통비,택시,현금,False,False
2026-07-10,24400,교통비,카카오T,계좌이체,False,True
2026-05-25,25000,식비,쿠팡이츠,계좌이체,False,False
2026-12-02,4000,식비,GS25,계좌이체,False,True
2026-09-04,"4,600",교통비,버스,현금,False,True
2026/08/05,13000,식비,쿠팡이츠,계좌이체,False,False
2026-09-14,"50,000",기타,더치페이,신용카드,False,False
2026-09-04,"12,000",식비,GS25,계좌이체,False,True
2026-05-11,13000,식비,투썸플레이스,체크카드,False,False
2026.03.06,5000,식비,이마트24,계좌이체,False,True
2026-02-01,46000,의료/건강,약국,체크카드,False,True
2026/06/11,80000,기타,더치페이,신용카드,False,False
2026-04-18,23000,식비,스타벅스,체크카드,False,False
2026-03-25,19800,교통비,버스,신용카드,False,True
2026-05-11,19400,교통비,SK주유소,계좌이체,False,True
2026-07-03,"20,000",식비,김밥천국,계좌이체,False,True
2026-06-07,17000,식비,이마트24,신용카드,False,True
2026/01/26,38000,문화/여가,롯데월드,현금,False,False
2026-05-23,98000,쇼핑,쿠팡,계좌이체,False,False
2026-11-24,"80,000",기타,더치페이,신용카드,False,False
2026.06.11,"12,200",교통비,SK주유소,체크카드,False,True
2026-12-28,"6,000",식비,쿠팡이츠,계좌이체,False,False
2026.06.24,"30,000",교육,교재구입,체크카드,True,True
2026-09-27,"20,000",식비,배달의민족,현금,False,False
2026/04/08,30000,쇼핑,쿠팡,체크카드,False,False
2026-04-21,138000,쇼핑,쿠팡,현금,False,False
2026-01-20,130000,쇼핑,무인양품,현금,False,False
2026-12-24,12700,교통비,코레일,현금,False,True
2026-06-15,16000,식비,GS25,현금,False,True
2026-12-04,52000,쇼핑,ZARA,현금,False,False
2026-10-01,22000,문화/여가,롯데월드,계좌이체,False,False
2026.06.09,17000,식비,스타벅스,신용카드,False,False
2026-03-06,11000,구독,ChatGPT,신용카드,True,False
2026-07-25,20000,교육,영어 강의,계좌이체,False,True
2026-09-09,"11,000",식비,이마트24,현금,False,True
2026/01/18,29000,문화/여가,롯데월드,신용카드,False,False
2026-12-14,30000,의료/건강,정형외과,계좌이체,False,True
2026/05/09,22000,구독,멜론,신용카드,True,False
2026-11-04,23000,구독,ChatGPT,신용카드,True,False
2026-10-09,24000,문화/여가,볼링장,계좌이체,False,False
2026-07-19,12000,식비,쿠팡이츠,체크카드,False,False
2026-11-23,17000,식비,김밥천국,체크카드,False,True
2026.09.23,14000,식비,스타벅스,신용카드,False,False
2026-05-13,"90,000",교육,영어 강의,현금,False,True
2026.05.21,2900,교통비,코레일,현금,False,True
2026-07-04,33000,문화/여가,CGV,체크카드,False,False
2026-06-28,125000,쇼핑,ZARA,체크카드,False,False
2026-06-20,"11,000",식비,GS25,계좌이체,False,True
2026-09-24,"13,000",식비,맥도날드,체크카드,False,False
2026-10-03,"21,000",식비,삼겹살집,계좌이체,False,False
2026-01-17,"20,500",교통비,택시,신용카드,False,False
2026.05.18,26000,문화/여가,교보문고,체크카드,False,False
2026/08/11,"25,000",식비,배달의민족,체크카드,False,False
2026-03-26,105000,쇼핑,올리브영,신용카드,False,False
2026-12-02,8000,식비,배달의민족,체크카드,False,False
2026-12-16,7600,교통비,버스,체크카드,False,True
2026-12-28,5000,식비,GS25,신용카드,False,True
2026/03/24,"70,000",기타,경조사비,신용카드,False,False
2026-12-15,8300,교통비,GS칼텍스,신용카드,False,True
2026/02/08,13000,쇼핑,ZARA,신용카드,False,False
2026-04-04,17000,문화/여가,볼링장,현금,False,False
2026-04-07,22000,식비,맥도날드,현금,False,False
2026-11-02,"6,000",식비,이마트24,현금,False,True
2026-12-26,"24,300",교통비,코레일,신용카드,False,True
2026-11-10,24000,식비,삼겹살집,신용카드,False,False
2026-12-15,"96,000",쇼핑,무인양품,현금,False,False
2026/05/23,"11,000",문화/여가,야구장,현금,False,False
2026.09.07,23000,식비,구내식당,현금,False,True
2026-08-30,10000,식비,김밥천국,체크카드,False,True
2026-05-08,24000,식비,GS25,현금,False,True
2026-12-28,"12,000",식비,쿠팡이츠,현금,False,False
2026.07.24,18000,구독,쿠팡와우,신용카드,True,False
2026-04-28,"24,000",구독,멜론,신용카드,True,False
2026.10.30,23300,교통비,GS칼텍스,현금,False,True
2026-12-11,100000,교육,인프런,현금,False,True
2026.03.25,12000,구독,유튜브프리미엄,신용카드,True,False
2026-12-14,68000,쇼핑,무신사,신용카드,False,False
2026-12-24,"69,000",쇼핑,쿠팡,체크카드,False,False
2026-10-27,50000,주거/통신,SKT통신비,계좌이체,True,True
2026-11-11,38000,쇼핑,다이소,체크카드,False,True
2026-02-08,16000,식비,맥도날드,신용카드,False,False
2026-07-03,17000,문화/여가,롯데월드,현금,False,False
2026-07-11,"24,000",식비,김밥천국,현금,False,True
2026-12-06,"108,000",쇼핑,올리브영,계좌이체,False,False
2026-06-26,24100,교통비,버스,현금,False,True
2026/11/30,30000,주거/통신,인터넷요금,계좌이체,True,True
2026-10-11,"9,000",식비,배달의민족,계좌이체,False,False
2026/01/28,12000,식비,맥도날드,체크카드,False,False
2026-08-25,"40,000",기타,모임회비,계좌이체,False,False
2026/08/24,13000,식비,삼겹살집,계좌이체,False,False
2026-11-08,22000,식비,쿠팡이츠,현금,False,False
2026-04-09,75000,쇼핑,무신사,체크카드,False,False
2026.09.07,"15,000",식비,배달의민족,체크카드,False,False
2026-09-15,"60,000",교육,인프런,현금,True,True
2026-03-30,83000,쇼핑,다이소,현금,False,True
2026-12-10,20000,식비,GS25,계좌이체,False,True
2026-03-19,15700,교통비,GS칼텍스,계좌이체,False,True
2026-07-21,"5,000",문화/여가,CGV,현금,False,False
2026-02-13,17800,교통비,택시,현금,False,False
2026-07-10,25000,식비,구내식당,신용카드,False,True
2026/08/01,8100,교통비,지하철,신용카드,False,True
2026-05-25,68000,쇼핑,다이소,체크카드,False,False
2026-06-13,"22,000",식비,스타벅스,체크카드,False,True
2026-04-25,"21,000",구독,넷플릭스,신용카드,True,False
2026.01.28,10500,교통비,택시,신용카드,False,False
2026-09-13,100000,교육,영어 강의,신용카드,False,True
2026-09-17,5000,식비,투썸플레이스,현금,False,False
2026-11-23,15000,식비,GS25,신용카드,False,True
2026-11-30,5000,식비,쿠팡이츠,체크카드,False,False
2026-08-06,23000,식비,구내식당,체크카드,False,True
2026-01-15,19000,식비,투썸플레이스,신용카드,False,False
2026-07-08,"14,000",식비,맥도날드,체크카드,False,False
2026-07-16,"9,000",식비,구내식당,현금,False,True
2026-02-23,"14,000",쇼핑,네이버쇼핑,현금,False,False
2026-02-17,9700,교통비,코레일,신용카드,False,True
2026-08-08,12000,쇼핑,네이버쇼핑,체크카드,False,False
2026-05-05,"38,000",의료/건강,약국,현금,False,True
2026-03-12,13800,교통비,GS칼텍스,체크카드,False,True
2026-11-24,"15,000",문화/여가,PC방,현금,False,False
2026-10-29,5000,문화/여가,CGV,현금,False,False
2026-01-26,18000,문화/여가,CGV,신용카드,False,False
2026/09/13,"6,000",의료/건강,헬스장할부,계좌이체,False,True
2026-11-02,19000,쇼핑,쿠팡,신용카드,False,False
2026-09-06,24000,식비,투썸플레이스,체크카드,False,False
2026/04/28,22000,식비,쿠팡이츠,현금,False,False
2026-11-18,12000,식비,김밥천국,체크카드,False,True
2026-10-16,20000,주거/통신,인터넷요금,계좌이체,True,True
2026-12-14,9000,식비,구내식당,신용카드,False,True
2026-11-21,50000,문화/여가,교보문고,신용카드,False,False
2026-10-28,"23,000",식비,배달의민족,체크카드,False,False
2026-06-28,20000,교육,인프런,신용카드,True,False
2026-07-30,23000,문화/여가,볼링장,체크카드,False,False
2026-11-26,17400,교통비,버스,계좌이체,False,False
2026-03-13,"15,000",식비,GS25,현금,False,True
2026/09/14,21000,식비,투썸플레이스,계좌이체,False,False
2026-01-15,8500,교통비,GS칼텍스,신용카드,False,True
2026-08-01,23400,교통비,버스,신용카드,False,True
2026-02-01,20000,식비,김밥천국,계좌이체,False,True
2026-01-19,7000,교통비,지하철,체크카드,False,True
2026-04-20,"49,000",쇼핑,쿠팡,계좌이체,False,False
2026-02-28,51000,쇼핑,ZARA,현금,False,False
2026-02-12,18000,식비,스타벅스,체크카드,False,False
2026-08-19,80000,교육,토익접수,현금,True,True
2026/08/31,"6,000",식비,배달의민족,계좌이체,False,False
2026-10-17,21000,식비,김밥천국,체크카드,False,True
2026-07-21,"9,000",식비,배달의민족,현금,False,False
2026-06-08,44000,문화/여가,볼링장,신용카드,False,False
2026-05-02,30000,교육,교재구입,현금,True,True
2026-02-18,4200,교통비,GS칼텍스,현금,False,True
2026-08-22,12000,의료/건강,정형외과,체크카드,False,True
2026-10-06,22400,교통비,지하철,신용카드,False,True
2026-03-08,3600,교통비,코레일,계좌이체,False,True
2026-11-10,20000,식비,배달의민족,계좌이체,False,False
2026-03-13,16000,식비,스타벅스,현금,False,False
2026.03.20,5000,식비,쿠팡이츠,신용카드,False,False
2026-08-21,72000,쇼핑,쿠팡,체크카드,False,False
2026-01-18,11000,의료/건강,헬스장할부,체크카드,False,True
2026/10/24,1700,교통비,카카오T,계좌이체,False,False
2026.07.15,"10,000",식비,김밥천국,신용카드,False,True
2026-09-28,15000,식비,삼겹살집,계좌이체,False,False
2026-03-09,"77,000",쇼핑,유니클로,계좌이체,False,False
2026-10-09,"14,000",쇼핑,다이소,체크카드,False,True
2026/07/21,25000,식비,스타벅스,현금,False,False
2026/02/16,"90,000",교육,영어 강의,체크카드,False,True
2026-07-15,11000,식비,배달의민족,현금,False,False
2026-07-23,"6,900",교통비,카카오T,신용카드,False,True
2026-05-09,65000,쇼핑,다이소,체크카드,False,True
2026-03-15,27000,쇼핑,올리브영,체크카드,False,False
2026/06/05,29000,문화/여가,CGV,현금,False,False
2026-04-12,4100,교통비,버스,계좌이체,False,True
2026-06-15,"23,000",문화/여가,롯데월드,계좌이체,False,False
2026-02-27,48000,문화/여가,PC방,신용카드,False,False
2026.05.29,17000,식비,삼겹살집,현금,False,False
2026-02-01,"23,000",식비,쿠팡이츠,계좌이체,False,False
2026-08-16,7000,문화/여가,롯데월드,현금,False,True
2026-11-08,6000,식비,이마트24,신용카드,False,True
2026.09.19,8000,쇼핑,유니클로,체크카드,False,False
2026-08-25,"10,000",식비,투썸플레이스,체크카드,False,False
2026-01-10,23000,식비,이마트24,체크카드,False,True
2026.02.02,23000,식비,배달의민족,현금,False,False
2026-12-07,62000,쇼핑,ZARA,체크카드,False,False
2026/05/09,4000,식비,스타벅스,체크카드,False,False
2026-03-24,17000,식비,맥도날드,현금,False,False
2026-12-08,"24,000",쇼핑,다이소,계좌이체,False,True
2026-11-29,100000,교육,교재구입,체크카드,True,True
2026-11-20,100000,교육,영어 강의,현금,True,True
2026-10-05,76000,쇼핑,다이소,체크카드,False,True
2026-07-07,"36,000",문화/여가,롯데월드,현금,False,False
2026-12-28,"49,000",문화/여가,볼링장,체크카드,False,False
2026-06-06,"22,000",식비,맥도날드,현금,False,False
2026-07-11,32000,의료/건강,헬스장할부,계좌이체,False,True
2026-09-12,12000,식비,구내식당,신용카드,False,True
2026-10-23,76000,쇼핑,유니클로,체크카드,False,False
2026-02-03,2000,교통비,카카오T,체크카드,False,True
2026-05-31,"60,000",교육,영어 강의,현금,True,True
2026.04.08,30000,교육,영어 강의,신용카드,True,True
2026-09-18,91000,쇼핑,무신사,계좌이체,False,False
2026.03.22,"8,500",교통비,택시,현금,False,False
2026-06-05,18000,구독,쿠팡와우,신용카드,True,False
2026-04-06,20000,식비,스타벅스,계좌이체,False,False
2026-11-28,13000,식비,김밥천국,계좌이체,False,True
2026-03-15,2800,교통비,버스,신용카드,False,True
2026/08/01,22500,교통비,GS칼텍스,체크카드,False,True
2026-07-13,50000,교육,토익접수,현금,True,True
2026-12-04,127000,쇼핑,네이버쇼핑,체크카드,False,False
2026-04-14,"140,000",주거/통신,관리비,계좌이체,True,True
2026-04-07,42000,쇼핑,ZARA,체크카드,False,False
2026-08-11,"11,000",식비,배달의민족,계좌이체,False,False
2026-03-13,"11,000",식비,스타벅스,현금,False,False
2026.03.27,80000,주거/통신,SKT통신비,계좌이체,True,True
2026-08-13,96000,쇼핑,다이소,계좌이체,False,True
2026-12-28,"21,300",교통비,SK주유소,신용카드,False,True
2026.03.07,"13,000",문화/여가,야구장,신용카드,False,False
2026-06-30,"2,500",교통비,코레일,신용카드,False,True
2026-05-31,"5,000",식비,배달의민족,신용카드,False,False
2026-01-01,"20,000",교육,토익접수,현금,False,True
2026-12-02,69000,쇼핑,ZARA,신용카드,False,False
2026-03-09,21000,식비,김밥천국,현금,False,True
2026-10-14,50000,교육,영어 강의,체크카드,False,False
2026-09-04,7000,식비,투썸플레이스,체크카드,False,False
2026-10-04,32000,문화/여가,롯데월드,신용카드,False,False
2026-05-24,"23,000",식비,투썸플레이스,현금,False,False
2026/05/19,60000,주거/통신,SKT통신비,계좌이체,True,True
2026/12/07,60000,기타,모임회비,신용카드,False,False
2026-03-18,"19,000",식비,삼겹살집,체크카드,False,False
2026-09-02,21000,교통비,SK주유소,신용카드,False,True
2026-05-16,"7,000",식비,GS25,신용카드,False,True
2026-04-20,"43,000",문화/여가,롯데월드,현금,False,False
2026-03-25,"7,000",식비,배달의민족,체크카드,False,False
2026-10-05,"9,000",식비,삼겹살집,체크카드,False,True
2026-12-04,"20,000",쇼핑,다이소,신용카드,False,True
2026-10-30,20000,식비,삼겹살집,현금,False,False
2026-02-17,24000,식비,GS25,신용카드,False,True
2026.02.12,21400,교통비,SK주유소,신용카드,False,True
2026-09-07,13000,식비,쿠팡이츠,계좌이체,False,False
2026-04-21,11000,쇼핑,무인양품,계좌이체,False,False
2026-12-08,19000,식비,구내식당,체크카드,False,False
2026-10-02,10000,식비,김밥천국,체크카드,False,True
2026-01-03,28000,문화/여가,PC방,신용카드,False,False
2026-10-21,"11,000",식비,스타벅스,신용카드,False,False
2026.09.20,40000,문화/여가,교보문고,현금,False,False
2026-09-30,21300,교통비,버스,계좌이체,False,True
2026-06-23,7000,식비,구내식당,신용카드,False,True
2026-02-05,16000,식비,구내식당,계좌이체,False,True
2026-10-23,"10,000",교통비,코레일,신용카드,False,True
2026-01-13,134000,쇼핑,쿠팡,계좌이체,False,False
2026-07-01,"25,000",식비,투썸플레이스,신용카드,False,False
2026-12-13,"10,000",구독,ChatGPT,신용카드,True,False
2026-02-18,90000,기타,경조사비,체크카드,False,False
2026-01-25,"6,000",식비,스타벅스,현금,False,False
2026-11-07,12000,식비,배달의민족,체크카드,False,True
2026.12.24,12000,식비,김밥천국,계좌이체,False,True
2026-02-22,"46,000",쇼핑,ZARA,계좌이체,False,False
2026-01-27,"21,000",식비,구내식당,신용카드,False,True
2026.07.18,25000,교통비,택시,체크카드,False,False
2026-03-24,18000,문화/여가,PC방,신용카드,False,False
2026-02-07,121000,쇼핑,다이소,신용카드,False,True
2026-10-07,"19,000",식비,맥도날드,체크카드,False,False
2026-09-23,22000,구독,멜론,신용카드,True,False
2026-05-07,101000,쇼핑,네이버쇼핑,체크카드,False,False
2026-05-25,"39,000",쇼핑,쿠팡,계좌이체,False,False
2026-01-06,5000,문화/여가,볼링장,신용카드,False,False
2026.04.15,"24,200",교통비,GS칼텍스,체크카드,False,False
2026-10-17,"2,200",교통비,버스,계좌이체,False,True
2026-09-13,85000,쇼핑,다이소,신용카드,False,True
2026-04-29,21000,식비,쿠팡이츠,체크카드,False,False
2026/07/10,74000,쇼핑,무신사,신용카드,False,False
2026.10.08,"6,000",식비,김밥천국,체크카드,False,True
2026-03-21,37000,쇼핑,무신사,체크카드,False,False
2026-03-25,15000,식비,투썸플레이스,현금,False,False
2026-02-13,10000,식비,맥도날드,체크카드,False,False
2026-10-01,21000,문화/여가,PC방,현금,False,False
2026-01-07,"6,000",식비,삼겹살집,계좌이체,False,True
2026-01-17,13000,구독,멜론,신용카드,True,False
2026/09/23,10000,식비,투썸플레이스,현금,False,False
2026-09-18,"9,200",교통비,지하철,현금,False,True
2026-05-18,13000,식비,쿠팡이츠,신용카드,False,False
2026-07-26,7000,문화/여가,롯데월드,신용카드,False,False
2026-10-28,19000,식비,쿠팡이츠,현금,False,False
2026.01.15,"50,000",교육,교재구입,계좌이체,False,True
2026-05-12,"16,700",교통비,지하철,계좌이체,False,True
2026/11/11,8000,문화/여가,CGV,신용카드,False,False
2026-07-25,"700,000",주거/통신,월세,계좌이체,True,True
2026-06-02,"19,300",교통비,지하철,현금,False,True
2026.01.08,"24,000",식비,구내식당,계좌이체,False,True
2026-10-26,19000,의료/건강,헬스장할부,신용카드,False,True
2026.06.28,51000,쇼핑,유니클로,체크카드,False,False
2026-11-28,40000,의료/건강,헬스장할부,현금,False,True
2026-12-29,"15,000",식비,GS25,계좌이체,False,True
2026-09-21,17000,식비,이마트24,체크카드,False,True
2026-02-02,"6,000",식비,이마트24,체크카드,False,True
2026.08.28,9700,교통비,GS칼텍스,계좌이체,False,False
2026-07-21,10000,구독,ChatGPT,신용카드,True,False
2026-12-18,"22,000",쇼핑,쿠팡,체크카드,False,False
2026-12-16,9700,교통비,GS칼텍스,현금,False,True
2026-10-14,116000,쇼핑,ZARA,신용카드,False,False
2026-02-13,14600,교통비,카카오T,현금,False,True
2026-11-04,"2,800",교통비,택시,현금,False,False
2026.02.12,33000,의료/건강,헬스장할부,체크카드,False,True
2026-03-20,15000,식비,배달의민족,체크카드,False,False
2026/07/21,60000,교육,교재구입,현금,False,True
2026-08-18,24000,식비,맥도날드,계좌이체,False,False
2026-12-16,116000,쇼핑,무신사,계좌이체,False,False
2026/11/23,10000,식비,구내식당,계좌이체,False,True
2026-02-08,24000,식비,쿠팡이츠,체크카드,False,False
2026.06.17,24700,교통비,카카오T,신용카드,False,True
2026-04-19,19000,식비,맥도날드,체크카드,False,False
2026-05-23,"3,800",교통비,카카오T,신용카드,False,True
2026-11-30,148000,쇼핑,쿠팡,체크카드,False,False
2026.12.11,"30,000",문화/여가,PC방,체크카드,False,False
2026-08-18,47000,문화/여가,볼링장,현금,False,False
2026/10/09,19000,식비,맥도날드,체크카드,False,False
2026/12/15,17000,구독,넷플릭스,신용카드,True,False
2026-06-05,18000,식비,구내식당,신용카드,False,True
2026-12-20,20000,교육,영어 강의,현금,False,True
2026-12-16,41000,문화/여가,볼링장,체크카드,False,False
2026-11-02,14700,교통비,지하철,현금,False,True
2026-02-02,22000,구독,ChatGPT,신용카드,True,False
2026-07-12,11000,식비,배달의민족,현금,False,False
2026/08/12,22000,식비,김밥천국,체크카드,False,True
2026-06-11,17000,식비,이마트24,체크카드,False,True
2026/09/18,100000,교육,교재구입,현금,True,True
2026-02-07,12800,교통비,코레일,현금,False,True
2026.06.18,17000,구독,멜론,신용카드,True,False
2026-05-26,32000,문화/여가,PC방,계좌이체,False,False
2026-07-31,104000,쇼핑,무인양품,신용카드,False,False
2026-08-13,13000,식비,배달의민족,체크카드,False,False
2026-04-17,19800,교통비,택시,신용카드,False,False
2026-07-31,12500,교통비,지하철,신용카드,False,True
2026-07-31,36000,문화/여가,롯데월드,신용카드,False,False
2026.01.26,23000,식비,GS25,신용카드,False,True
2026-09-14,34000,쇼핑,쿠팡,신용카드,False,False
2026-06-05,"48,000",쇼핑,ZARA,계좌이체,False,False
2026.09.29,10000,주거/통신,도시가스,계좌이체,True,True
2026-05-21,9000,식비,구내식당,계좌이체,False,True
2026/01/05,12000,식비,김밥천국,체크카드,False,True
2026-03-24,"17,000",식비,김밥천국,신용카드,False,True
2026-07-27,10000,주거/통신,도시가스,계좌이체,True,True
2026-01-21,8000,식비,투썸플레이스,체크카드,False,False
2026-06-05,122000,쇼핑,네이버쇼핑,현금,False,False
2026-04-07,20000,식비,투썸플레이스,현금,False,False
2026-06-16,14000,식비,삼겹살집,신용카드,False,False
2026-04-12,12000,문화/여가,야구장,신용카드,False,False
2026/10/07,20000,교육,교재구입,계좌이체,False,True
2026/12/21,68000,쇼핑,네이버쇼핑,신용카드,False,False
2026-09-07,7000,식비,GS25,현금,False,True
2026/08/22,13000,식비,이마트24,신용카드,False,True
2026-12-17,"14,000",식비,배달의민족,현금,False,False
2026-08-15,15000,식비,이마트24,체크카드,False,True
2026-04-07,7800,교통비,지하철,신용카드,False,True
2026-05-25,700000,주거/통신,월세,계좌이체,True,True
2026/11/01,19000,구독,멜론,신용카드,True,False
2026.12.28,70000,교육,인프런,신용카드,True,True
2026-11-27,24000,문화/여가,PC방,체크카드,False,False
2026-09-29,9000,문화/여가,교보문고,현금,False,False
2026-05-05,13000,식비,쿠팡이츠,계좌이체,False,False
2026-11-06,"91,000",쇼핑,유니클로,체크카드,False,False
2026-02-02,31000,문화/여가,PC방,계좌이체,False,False
2026-05-20,"66,000",쇼핑,쿠팡,신용카드,False,False
2026/06/05,"18,000",교통비,버스,계좌이체,False,True
2026-01-17,5000,식비,GS25,체크카드,False,True
2026-08-17,21000,식비,맥도날드,신용카드,False,False
2026-07-26,7700,교통비,버스,체크카드,False,True
2026-03-13,129000,쇼핑,다이소,계좌이체,False,True
2026/09/19,21000,문화/여가,CGV,현금,False,False
2026-06-17,21400,교통비,택시,신용카드,False,False
2026-01-09,23000,식비,맥도날드,계좌이체,False,False
2026-11-19,"45,000",쇼핑,올리브영,현금,False,False
2026-11-20,"16,900",교통비,카카오T,현금,False,True
2026.11.25,4000,식비,이마트24,체크카드,False,True
2026-01-10,10000,식비,김밥천국,체크카드,False,True
2026/03/17,10000,쇼핑,ZARA,계좌이체,False,False
2026.05.30,"60,000",기타,모임회비,신용카드,False,False
2026-12-30,"9,600",교통비,GS칼텍스,체크카드,False,True
2026-03-15,"21,000",식비,삼겹살집,계좌이체,False,True
2026/04/18,14000,문화/여가,볼링장,체크카드,False,False
2026-06-15,11000,식비,스타벅스,체크카드,False,False
2026-02-17,20000,식비,투썸플레이스,신용카드,False,False
2026-10-17,17000,식비,GS25,신용카드,False,True
2026-05-08,"18,300",교통비,코레일,신용카드,False,True
2026-02-03,12000,구독,넷플릭스,신용카드,True,False
2026-04-24,"50,000",문화/여가,야구장,신용카드,False,False
2026-05-22,2700,교통비,지하철,신용카드,False,True
2026-08-04,16000,쇼핑,올리브영,현금,False,False
2026.05.02,9000,식비,배달의민족,계좌이체,False,False
2026-04-16,9000,식비,GS25,계좌이체,False,True
2026-03-02,"25,000",교통비,지하철,현금,False,False
2026-08-11,18000,식비,삼겹살집,계좌이체,False,False
2026-07-16,5000,식비,스타벅스,계좌이체,False,False
2026/02/01,19000,식비,구내식당,계좌이체,False,True
2026-12-17,"42,000",의료/건강,치과,신용카드,False,True
2026-06-23,"19,000",문화/여가,PC방,체크카드,False,False
2026-04-22,6000,식비,쿠팡이츠,현금,False,False
2026-11-07,14000,문화/여가,CGV,체크카드,False,False
2026-04-04,5000,식비,김밥천국,현금,False,True
2026-01-30,116000,쇼핑,ZARA,현금,False,False
2026/02/04,11000,식비,이마트24,현금,False,True
2026-09-30,117000,쇼핑,다이소,현금,False,True
2026-08-11,"24,000",의료/건강,내과,계좌이체,False,True
2026-07-31,122000,쇼핑,네이버쇼핑,현금,False,False
2026-01-09,32000,문화/여가,볼링장,신용카드,False,False
2026-06-24,24100,교통비,SK주유소,계좌이체,False,True
2026-01-05,15000,식비,김밥천국,계좌이체,False,True
2026-08-06,88000,쇼핑,네이버쇼핑,체크카드,False,False
2026-08-13,"90,000",교육,인프런,현금,False,True
2026/02/23,15000,의료/건강,치과,신용카드,False,True
2026-12-20,47000,문화/여가,야구장,신용카드,False,False
2026-10-19,44000,의료/건강,약국,체크카드,False,False
2026/02/28,13100,교통비,지하철,현금,False,False
2026-03-21,17600,교통비,지하철,신용카드,False,True
2026-05-05,"6,100",교통비,SK주유소,신용카드,False,True
2026-10-20,21000,식비,구내식당,신용카드,False,False
2026-02-05,22000,쇼핑,ZARA,현금,False,False
2026-01-17,7200,교통비,GS칼텍스,체크카드,False,True
2026-06-26,110000,주거/통신,관리비,계좌이체,True,True
2026-04-21,"73,000",쇼핑,쿠팡,신용카드,False,False
2026-05-04,"6,000",식비,삼겹살집,체크카드,False,False
2026-04-25,"24,000",식비,배달의민족,계좌이체,False,False
2026-01-14,9000,식비,스타벅스,계좌이체,False,False
2026.04.13,15000,식비,삼겹살집,계좌이체,False,False
2026-12-06,25000,식비,삼겹살집,현금,False,False
2026-07-02,"43,000",쇼핑,유니클로,계좌이체,False,False
2026-07-16,"59,000",쇼핑,유니클로,신용카드,False,False
2026/12/18,6600,교통비,택시,현금,False,False
2026.09.15,"18,700",교통비,지하철,현금,False,True
2026/01/12,"43,000",쇼핑,무신사,신용카드,False,True
2026-12-23,6500,교통비,카카오T,계좌이체,False,True
2026-05-29,18000,식비,구내식당,현금,False,False
2026-06-05,"31,000",쇼핑,쿠팡,현금,False,True
2026-07-10,25000,식비,스타벅스,체크카드,False,False
2026.02.19,"90,000",쇼핑,네이버쇼핑,계좌이체,False,False
2026.09.24,36000,문화/여가,CGV,계좌이체,False,False
2026-01-03,16900,교통비,GS칼텍스,현금,False,True
2026/01/11,8000,의료/건강,치과,체크카드,False,True
2026-11-25,19000,의료/건강,치과,계좌이체,False,True
2026.03.30,70000,교육,교재구입,신용카드,True,True
2026.02.19,"4,000",식비,쿠팡이츠,계좌이체,False,False
2026-12-27,4000,식비,이마트24,체크카드,False,True
2026/11/07,111000,쇼핑,ZARA,계좌이체,False,False
2026-07-07,67000,쇼핑,쿠팡,체크카드,False,False
2026-04-07,22000,식비,맥도날드,신용카드,False,False
2026-12-22,5400,교통비,택시,신용카드,False,False
2026-08-01,17000,식비,삼겹살집,계좌이체,False,False
2026-03-26,60000,기타,모임회비,신용카드,False,False
2026-06-18,15000,식비,삼겹살집,체크카드,False,False
2026-01-20,"40,000",교육,교재구입,체크카드,False,True
2026-09-01,23000,교통비,SK주유소,계좌이체,False,True
2026-08-28,"46,000",문화/여가,CGV,신용카드,False,False
2026/01/15,16000,구독,유튜브프리미엄,신용카드,True,False
2026-04-01,"72,000",쇼핑,유니클로,현금,False,False
2026-04-15,24000,구독,유튜브프리미엄,신용카드,True,False
2026.04.29,134000,쇼핑,무신사,신용카드,False,False
2026-10-19,17800,교통비,버스,현금,False,True
2026.03.08,12000,구독,멜론,신용카드,True,False
2026-11-30,32000,문화/여가,CGV,신용카드,False,False
2026-12-19,15000,쇼핑,네이버쇼핑,현금,False,False
2026-06-09,5000,문화/여가,볼링장,현금,False,False
2026-07-15,21300,교통비,지하철,신용카드,False,True
2026-05-31,21000,문화/여가,PC방,계좌이체,False,False
2026-11-29,9000,식비,스타벅스,신용카드,False,False
2026-06-02,14200,교통비,카카오T,계좌이체,False,False
2026-03-25,700000,주거/통신,월세,계좌이체,True,True
2026-03-05,"40,000",문화/여가,롯데월드,체크카드,False,False
2026-07-11,"50,000",주거/통신,SKT통신비,계좌이체,True,True
2026-04-10,108000,쇼핑,유니클로,체크카드,False,False
2026-08-13,15200,교통비,버스,현금,False,True
2026-02-03,"25,000",문화/여가,야구장,신용카드,False,False
2026-07-09,"15,000",식비,이마트24,신용카드,False,True
2026-08-09,"35,000",문화/여가,야구장,체크카드,False,False
2026.06.18,"90,000",교육,토익접수,현금,True,True
2026-01-21,54000,쇼핑,무인양품,계좌이체,False,True
2026-10-02,57000,쇼핑,유니클로,현금,False,False
2026-03-03,44000,의료/건강,정형외과,체크카드,False,True
2026-01-15,13700,교통비,SK주유소,체크카드,False,False
2026-10-01,17000,식비,이마트24,현금,False,True
2026-08-03,23000,구독,유튜브프리미엄,신용카드,True,False
2026-09-26,6000,식비,김밥천국,체크카드,False,True
2026-05-30,"7,700",교통비,버스,신용카드,False,True
2026-11-11,"16,600",교통비,지하철,신용카드,False,True
2026-07-24,5000,식비,맥도날드,신용카드,False,False
2026-12-12,"2,600",교통비,GS칼텍스,계좌이체,False,True
2026-12-23,21000,식비,쿠팡이츠,신용카드,False,False
2026-02-22,"9,400",교통비,코레일,현금,False,True
2026-01-27,40000,교육,교재구입,계좌이체,False,True
2026-06-14,15000,식비,삼겹살집,신용카드,False,False
2026-09-20,149000,쇼핑,유니클로,계좌이체,False,False
2026/04/01,50000,기타,모임회비,체크카드,False,True
2026-05-27,"11,300",교통비,택시,계좌이체,False,False
2026-06-06,24000,구독,유튜브프리미엄,신용카드,True,False
2026-10-29,8400,교통비,버스,현금,False,True
2026-05-22,6000,식비,투썸플레이스,체크카드,False,False
2026.07.19,2100,교통비,버스,현금,False,True
2026-07-15,"25,000",의료/건강,약국,계좌이체,False,True
2026-01-10,"43,000",문화/여가,볼링장,현금,False,False
2026-02-18,19000,식비,구내식당,계좌이체,False,True
2026.07.06,8000,의료/건강,치과,신용카드,False,True
2026.07.14,"9,000",식비,맥도날드,계좌이체,False,False
2026/10/21,"102,000",쇼핑,쿠팡,체크카드,False,False
2026-11-12,"6,000",식비,이마트24,현금,False,True
2026-02-22,44000,문화/여가,CGV,신용카드,False,False
2026-09-13,"17,000",식비,쿠팡이츠,체크카드,False,False
2026-12-20,47000,의료/건강,내과,신용카드,False,True
2026.01.06,"14,000",문화/여가,볼링장,현금,False,False
2026-01-31,"14,400",교통비,GS칼텍스,신용카드,False,True
2026-10-13,"60,000",기타,모임회비,신용카드,False,False
2026-07-17,4100,교통비,택시,체크카드,False,False
2026-08-29,10000,식비,이마트24,체크카드,False,True
2026-01-03,"13,000",식비,삼겹살집,현금,False,False
2026/09/30,"14,000",구독,쿠팡와우,신용카드,True,False
2026-03-28,24000,의료/건강,정형외과,계좌이체,False,False
2026-07-08,"40,000",교육,영어 강의,현금,False,True
2026-01-23,"5,000",문화/여가,야구장,신용카드,False,False
2026-04-20,10000,식비,GS25,신용카드,False,True
2026-02-24,"13,000",식비,스타벅스,현금,False,False
2026-12-27,"5,000",식비,이마트24,계좌이체,False,True
2026-11-12,19000,문화/여가,롯데월드,신용카드,False,False
2026-06-02,8400,교통비,GS칼텍스,체크카드,False,True
2026-09-11,1900,교통비,지하철,체크카드,False,True
2026-08-19,"12,000",식비,구내식당,계좌이체,False,True
2026-12-19,50000,교육,영어 강의,체크카드,True,True
2026-09-25,16000,식비,투썸플레이스,체크카드,False,False
2026-05-26,16000,식비,배달의민족,신용카드,False,False
2026-09-20,93000,쇼핑,네이버쇼핑,신용카드,False,False
2026-02-04,2800,교통비,버스,체크카드,False,True
2026-02-15,12600,교통비,코레일,체크카드,False,True
2026-07-29,"14,300",교통비,택시,신용카드,False,False
2026-01-11,7000,식비,김밥천국,현금,False,True
2026-01-21,"69,000",쇼핑,무신사,신용카드,False,False
2026-03-20,"7,600",교통비,지하철,신용카드,False,True
2026-08-14,16600,교통비,SK주유소,체크카드,False,True
2026-04-30,"33,000",의료/건강,치과,현금,False,True
2026/04/23,30000,교육,토익접수,계좌이체,True,True
2026-11-28,11000,문화/여가,롯데월드,계좌이체,False,False
2026-03-13,"83,000",쇼핑,다이소,체크카드,False,True
2026.12.14,18000,식비,쿠팡이츠,계좌이체,False,False
2026-08-31,18000,구독,멜론,신용카드,True,False
2026-03-07,22000,교통비,버스,현금,False,True
2026.08.13,"1,700",교통비,코레일,신용카드,False,True
2026-03-06,"12,000",식비,배달의민족,체크카드,False,False
2026-03-06,21000,식비,스타벅스,현금,False,False
2026-10-09,"90,000",교육,토익접수,신용카드,True,True
2026/12/23,49000,문화/여가,볼링장,현금,False,False
2026.10.28,91000,쇼핑,네이버쇼핑,계좌이체,False,False
2026-07-04,"23,000",식비,GS25,현금,False,True
2026-12-29,"3,300",교통비,GS칼텍스,신용카드,False,True
2026-11-08,"11,500",교통비,SK주유소,체크카드,False,True
2026-10-23,23000,식비,구내식당,계좌이체,False,True
2026-10-31,"15,000",구독,멜론,신용카드,True,False
2026-05-19,12000,식비,삼겹살집,계좌이체,False,False
2026-04-11,"17,400",교통비,SK주유소,계좌이체,False,True
2026/11/14,"81,000",쇼핑,ZARA,체크카드,False,False
2026-12-06,5000,식비,삼겹살집,계좌이체,False,False
2026-03-24,"9,000",식비,구내식당,신용카드,False,True
2026-12-04,150000,주거/통신,관리비,계좌이체,True,True
2026-08-23,23000,구독,쿠팡와우,신용카드,True,False
2026-09-22,20000,쇼핑,네이버쇼핑,계좌이체,False,False
2026-02-03,119000,쇼핑,다이소,계좌이체,False,True
2026-06-22,80000,기타,모임회비,현금,False,True
2026/10/16,"20,000",교육,교재구입,현금,True,True
2026-02-25,700000,주거/통신,월세,계좌이체,True,True
2026-04-09,17000,식비,투썸플레이스,신용카드,False,False
2026-05-17,100000,교육,토익접수,신용카드,False,True
2026-09-20,23000,식비,스타벅스,계좌이체,False,False
2026/10/18,18000,구독,쿠팡와우,신용카드,True,False
2026-07-04,24200,교통비,카카오T,계좌이체,False,True
2026-06-06,"25,000",식비,김밥천국,신용카드,False,True
2026-09-23,"18,000",식비,투썸플레이스,현금,False,False
2026-09-04,22000,문화/여가,CGV,현금,False,False
2026-11-06,31000,쇼핑,다이소,신용카드,False,True
2026-11-16,"10,000",식비,구내식당,계좌이체,False,False
2026-01-10,"36,000",의료/건강,정형외과,체크카드,False,True
2026-08-14,89000,쇼핑,네이버쇼핑,체크카드,False,False
2026-08-09,15000,식비,GS25,계좌이체,False,True
2026-07-14,107000,쇼핑,ZARA,현금,False,False
2026.02.03,"7,000",식비,이마트24,신용카드,False,True
2026-06-09,6600,교통비,GS칼텍스,계좌이체,False,True
2026-11-14,51000,쇼핑,쿠팡,계좌이체,False,False
2026-09-13,7900,교통비,택시,체크카드,False,False
2026-04-08,48000,문화/여가,롯데월드,체크카드,False,False
2026-07-30,20000,식비,쿠팡이츠,현금,False,False
2026-04-11,11000,문화/여가,볼링장,체크카드,False,False
2026.09.25,20000,구독,넷플릭스,신용카드,True,False
2026-02-10,15000,식비,맥도날드,계좌이체,False,False
2026-10-28,100000,주거/통신,관리비,계좌이체,True,True
2026-02-05,23000,식비,이마트24,현금,False,True
2026-10-15,11000,식비,구내식당,계좌이체,False,True
2026-01-11,8000,식비,구내식당,신용카드,False,True
2026-02-15,50000,기타,경조사비,체크카드,False,False
2026-02-01,"9,200",교통비,코레일,신용카드,False,True
2026.09.23,6000,식비,배달의민족,계좌이체,False,False
2026-05-11,147000,쇼핑,무인양품,체크카드,False,False
2026-08-25,700000,주거/통신,월세,계좌이체,True,True
2026-09-16,"64,000",쇼핑,유니클로,신용카드,False,False
2026-02-10,"6,000",식비,맥도날드,현금,False,False
2026-04-02,18000,식비,쿠팡이츠,체크카드,False,False
2026-07-11,3000,교통비,코레일,체크카드,False,True
2026-02-25,133000,쇼핑,다이소,계좌이체,False,True
2026-01-13,12000,식비,투썸플레이스,신용카드,False,False
2026-10-07,25000,식비,맥도날드,현금,False,False
2026/03/17,"31,000",의료/건강,치과,신용카드,False,True
2026-12-19,"33,000",문화/여가,PC방,신용카드,False,False
2026-10-04,42000,문화/여가,롯데월드,신용카드,False,False
2026.07.30,11200,교통비,지하철,신용카드,False,True
2026-05-21,23000,식비,스타벅스,계좌이체,False,False
2026-03-23,12000,쇼핑,올리브영,현금,False,False
2026/08/10,36000,문화/여가,PC방,신용카드,False,False
2026-03-09,53000,쇼핑,무인양품,계좌이체,False,False
2026-10-11,10000,주거/통신,도시가스,계좌이체,True,True
2026-10-05,"15,200",교통비,버스,신용카드,False,True
2026-04-20,8000,식비,이마트24,현금,False,True
2026-04-29,12000,식비,이마트24,체크카드,False,True
2026-04-19,20000,주거/통신,인터넷요금,계좌이체,True,True
2026/12/22,100000,기타,경조사비,체크카드,False,False
2026-11-24,150000,주거/통신,관리비,계좌이체,True,True
2026.10.17,11000,문화/여가,롯데월드,체크카드,False,False
2026.05.26,46000,의료/건강,정형외과,현금,False,True
2026-10-21,"22,600",교통비,버스,현금,False,True
2026-11-13,11000,식비,투썸플레이스,신용카드,False,False
2026.03.10,17000,식비,스타벅스,신용카드,False,False
2026.01.04,10000,문화/여가,야구장,체크카드,False,False
2026-12-31,13500,교통비,지하철,신용카드,False,True
2026-06-12,7000,식비,쿠팡이츠,신용카드,False,False
2026-12-18,56000,쇼핑,유니클로,계좌이체,False,False
2026-04-07,"21,000",구독,쿠팡와우,신용카드,True,False
2026-10-09,"15,000",쇼핑,올리브영,체크카드,False,False
2026/12/18,20000,문화/여가,볼링장,체크카드,False,False
2026-03-29,12000,식비,삼겹살집,계좌이체,False,False
2026-07-11,"47,000",의료/건강,헬스장할부,신용카드,False,True
2026-01-19,"18,000",문화/여가,볼링장,현금,False,False
2026.01.25,145000,쇼핑,쿠팡,체크카드,False,False
2026-03-28,13200,교통비,SK주유소,체크카드,False,False
2026-06-05,6000,식비,이마트24,체크카드,False,True
2026-05-28,21000,식비,배달의민족,신용카드,False,False
2026.05.20,4000,식비,GS25,신용카드,False,True
2026-06-25,10000,쇼핑,올리브영,체크카드,False,False
2026-01-20,23000,식비,GS25,계좌이체,False,True
2026-07-05,40000,교육,교재구입,체크카드,False,True
2026-11-06,11000,식비,구내식당,현금,False,True
2026/06/24,"4,000",식비,맥도날드,계좌이체,False,False
2026-09-30,"4,000",식비,이마트24,현금,False,True
2026.02.24,"13,000",문화/여가,야구장,현금,False,False
2026-01-22,38000,쇼핑,ZARA,현금,False,False
2026-02-05,20600,교통비,카카오T,신용카드,False,True
2026-04-21,23000,식비,투썸플레이스,현금,False,False
2026-02-21,50000,교육,토익접수,신용카드,False,True
2026-08-25,12000,식비,배달의민족,체크카드,False,False
2026-02-26,90000,쇼핑,무신사,체크카드,False,False
2026-03-14,21000,식비,김밥천국,신용카드,False,True
2026-05-10,"5,300",교통비,지하철,체크카드,False,True
2026-04-10,20000,식비,스타벅스,체크카드,False,False
2026-03-30,21000,쇼핑,무신사,현금,False,True
2026-01-24,"20,000",식비,스타벅스,현금,False,False
2026-10-23,"21,600",교통비,지하철,현금,False,True
2026/12/04,"76,000",쇼핑,ZARA,계좌이체,False,False
2026-02-14,66000,쇼핑,ZARA,체크카드,False,False
2026/03/10,"15,000",문화/여가,야구장,신용카드,False,False
2026/12/23,20000,식비,맥도날드,계좌이체,False,False
2026/10/20,5000,식비,김밥천국,신용카드,False,True
2026-09-25,8200,교통비,버스,체크카드,False,True
2026.11.08,4000,식비,맥도날드,신용카드,False,False
2026-01-28,21000,쇼핑,무신사,체크카드,False,False
2026-12-28,4000,식비,배달의민족,계좌이체,False,False
2026-08-06,19000,식비,투썸플레이스,신용카드,False,False
2026-03-16,"60,000",교육,영어 강의,체크카드,False,True
2026-06-06,29000,의료/건강,정형외과,계좌이체,False,True
2026-06-17,"10,000",교통비,택시,신용카드,False,False
2026-11-24,4000,식비,스타벅스,체크카드,False,False
2026-04-28,18000,쇼핑,무인양품,체크카드,False,False
2026-09-17,"20,600",교통비,GS칼텍스,계좌이체,False,True
2026-09-11,122000,쇼핑,쿠팡,현금,False,False
2026-08-15,1700,교통비,SK주유소,계좌이체,False,True
2026-07-09,39000,문화/여가,야구장,계좌이체,False,False
2026-12-20,23900,교통비,GS칼텍스,신용카드,False,True
2026-12-05,46000,의료/건강,헬스장할부,체크카드,False,True
2026-07-02,"10,500",교통비,카카오T,신용카드,False,True
2026.07.29,15000,식비,스타벅스,현금,False,False
2026-07-22,17000,문화/여가,교보문고,계좌이체,False,False
2026/10/18,"15,000",식비,이마트24,현금,False,True
2026/12/25,139000,쇼핑,무인양품,계좌이체,False,False
2026-05-18,"46,000",문화/여가,롯데월드,계좌이체,False,False
2026.04.04,14000,식비,투썸플레이스,신용카드,False,False
2026-02-09,18000,구독,쿠팡와우,신용카드,True,False
2026-12-06,25000,식비,GS25,체크카드,False,True
2026-07-28,"8,000",식비,쿠팡이츠,현금,False,False
2026-11-02,"15,000",문화/여가,CGV,계좌이체,False,False
2026-08-12,17000,식비,맥도날드,현금,False,False
2026-03-15,25000,식비,김밥천국,체크카드,False,False
2026-09-10,23000,구독,유튜브프리미엄,신용카드,True,False
2026-11-16,4400,교통비,SK주유소,신용카드,False,True
2026/12/15,50000,문화/여가,CGV,신용카드,False,False
2026-08-10,"25,000",식비,구내식당,현금,False,True
2026-03-01,15000,식비,GS25,계좌이체,False,True
2026-09-12,16000,식비,투썸플레이스,체크카드,False,False
2026-08-13,"5,000",문화/여가,교보문고,계좌이체,False,False
2026-09-16,14000,식비,구내식당,계좌이체,False,True
2026-07-17,6500,교통비,코레일,계좌이체,False,True
2026-04-12,"1,700",교통비,택시,현금,False,False
2026-09-24,6000,식비,맥도날드,현금,False,False
2026-03-22,"100,000",교육,교재구입,계좌이체,False,True
2026-08-02,"15,700",교통비,코레일,현금,False,True
2026.07.21,20000,식비,맥도날드,체크카드,False,False
2026-10-04,35000,의료/건강,약국,신용카드,False,True
2026-03-06,16800,교통비,지하철,현금,False,True
2026-10-14,22000,식비,김밥천국,현금,False,True
2026/12/17,"2,900",교통비,지하철,현금,False,True
2026.12.27,"10,000",주거/통신,도시가스,계좌이체,True,True
2026.09.29,100000,기타,경조사비,계좌이체,False,False
2026-09-10,61000,쇼핑,유니클로,신용카드,False,False
2026-04-14,21000,식비,쿠팡이츠,계좌이체,False,False
2026-11-26,123000,쇼핑,ZARA,현금,False,False
2026/11/14,18000,식비,구내식당,계좌이체,False,True
2026-08-17,"25,000",식비,김밥천국,계좌이체,False,True
2026-03-15,24000,식비,삼겹살집,신용카드,False,False
2026/05/13,15000,식비,삼겹살집,현금,False,False
2026-07-25,21000,식비,구내식당,현금,False,True
2026-05-27,8000,식비,쿠팡이츠,현금,False,False
2026-10-24,10000,식비,쿠팡이츠,계좌이체,False,False
2026-01-23,9000,식비,구내식당,체크카드,False,True
2026-11-01,"41,000",의료/건강,정형외과,현금,False,True
2026-11-19,9000,교통비,코레일,신용카드,False,True
2026-01-12,13000,식비,쿠팡이츠,신용카드,False,False
2026/06/23,12000,문화/여가,PC방,계좌이체,False,False
2026-11-09,48000,의료/건강,치과,신용카드,False,True
2026-07-07,"41,000",문화/여가,롯데월드,신용카드,False,False
2026-06-19,17000,식비,김밥천국,체크카드,False,True
2026-01-25,50000,주거/통신,SKT통신비,계좌이체,True,True
2026-07-07,"14,000",구독,유튜브프리미엄,신용카드,True,False
2026-02-22,100000,기타,경조사비,현금,False,False
2026-07-14,32000,쇼핑,다이소,계좌이체,False,True
2026-10-18,"21,000",식비,쿠팡이츠,계좌이체,False,False
2026/04/18,"10,000",식비,맥도날드,체크카드,False,False
2026-08-20,2000,교통비,지하철,신용카드,False,True
2026-12-12,4500,교통비,택시,현금,False,False
2026-04-28,"16,000",쇼핑,올리브영,신용카드,False,False
2026-11-05,17700,교통비,택시,현금,False,False
2026-04-02,16000,식비,배달의민족,현금,False,False
2026-08-24,"60,000",기타,경조사비,현금,False,False
2026-08-18,24600,교통비,지하철,현금,False,True
2026/09/28,18700,교통비,택시,현금,False,False
2026-12-08,4500,교통비,카카오T,체크카드,False,True
2026/05/07,23000,식비,이마트24,체크카드,False,True
2026.03.10,46000,문화/여가,PC방,체크카드,False,False
2026-05-31,18300,교통비,SK주유소,신용카드,False,True
2026-12-25,"700,000",주거/통신,월세,계좌이체,True,True
2026-04-25,60000,쇼핑,무인양품,신용카드,False,False
2026-04-16,80000,쇼핑,무인양품,현금,False,False
2026.12.21,9000,식비,투썸플레이스,신용카드,False,False
2026.04.09,5000,쇼핑,무신사,현금,False,False
2026-03-22,6000,식비,김밥천국,계좌이체,False,True
2026-08-05,11000,식비,김밥천국,체크카드,False,True
2026-08-25,24000,식비,GS25,신용카드,False,True
2026-03-08,12000,문화/여가,볼링장,신용카드,False,False
2026-10-27,"2,800",교통비,카카오T,신용카드,False,True
2026-11-07,31000,문화/여가,볼링장,신용카드,False,False
2026.05.02,10000,식비,김밥천국,체크카드,False,True
2026-09-13,36000,쇼핑,다이소,계좌이체,False,True
2026-07-01,150000,쇼핑,쿠팡,신용카드,False,False
2026.12.08,6000,식비,이마트24,체크카드,False,True
2026-04-12,"20,000",교육,인프런,현금,True,True
2026-03-11,22000,식비,김밥천국,현금,False,True
2026-05-03,24000,구독,유튜브프리미엄,신용카드,True,False
2026-01-09,25000,식비,이마트24,신용카드,False,True
2026-04-09,7000,식비,쿠팡이츠,체크카드,False,False
2026/04/09,40000,기타,모임회비,체크카드,False,False
2026-04-09,"12,000",식비,이마트24,계좌이체,False,True
2026-02-21,24000,문화/여가,롯데월드,신용카드,False,False
2026-02-27,9000,식비,쿠팡이츠,계좌이체,False,False
2026-02-28,17000,식비,이마트24,계좌이체,False,True
2026/07/23,43000,쇼핑,네이버쇼핑,현금,False,False
2026-02-12,"5,700",교통비,코레일,체크카드,False,True
2026-09-04,4000,식비,맥도날드,체크카드,False,False
2026-09-12,20000,교육,영어 강의,계좌이체,False,True
2026-03-18,10800,교통비,지하철,계좌이체,False,True
2026/06/18,22400,교통비,지하철,체크카드,False,True
2026.12.24,86000,쇼핑,무신사,신용카드,False,False
2026-09-25,700000,주거/통신,월세,계좌이체,True,True
2026-05-15,"41,000",문화/여가,교보문고,신용카드,False,False
2026-05-13,"100,000",기타,더치페이,체크카드,False,False
2026/09/28,17000,쇼핑,다이소,신용카드,False,True
2026-06-25,700000,주거/통신,월세,계좌이체,True,True
2026-08-10,"34,000",문화/여가,CGV,체크카드,False,False
2026-06-13,12000,구독,ChatGPT,신용카드,True,False
2026-05-01,14300,교통비,버스,체크카드,False,True
2026-02-27,23000,식비,스타벅스,현금,False,False
2026-09-30,"60,000",주거/통신,SKT통신비,계좌이체,True,True
2026-12-16,25000,식비,GS25,계좌이체,False,True
2026-07-05,145000,쇼핑,ZARA,체크카드,False,False
2026-04-04,"6,000",식비,쿠팡이츠,신용카드,False,True
2026-02-14,20000,교육,교재구입,현금,False,True
2026-04-09,14000,의료/건강,정형외과,계좌이체,False,True
2026.06.22,"6,000",식비,삼겹살집,계좌이체,False,True
2026-08-05,30000,문화/여가,교보문고,현금,False,False
2026-12-14,80000,주거/통신,SKT통신비,계좌이체,True,True
2026.02.27,5000,식비,GS25,계좌이체,False,True
2026-07-15,16000,식비,쿠팡이츠,계좌이체,False,False
2026-01-24,"89,000",쇼핑,올리브영,체크카드,False,False
2026/04/15,29000,문화/여가,볼링장,현금,False,False
2026.12.29,"18,000",식비,이마트24,신용카드,False,True
2026-02-28,23300,교통비,코레일,신용카드,False,True
2026.04.22,24000,식비,맥도날드,계좌이체,False,True
2026.02.10,19000,의료/건강,정형외과,계좌이체,False,True
2026-06-24,9000,식비,맥도날드,현금,False,False
2026-08-23,"37,000",문화/여가,PC방,체크카드,False,False
2026-02-06,"33,000",쇼핑,쿠팡,계좌이체,False,False
2026-09-25,133000,쇼핑,쿠팡,현금,False,False
2026-04-04,123000,쇼핑,쿠팡,신용카드,False,False
2026.03.26,6000,식비,김밥천국,신용카드,False,True
2026-10-07,13000,문화/여가,PC방,신용카드,False,False
2026-06-07,9000,식비,투썸플레이스,체크카드,False,False
2026-09-16,"15,000",구독,ChatGPT,신용카드,True,False
2026/06/08,15000,의료/건강,헬스장할부,신용카드,False,True
2026-08-27,22000,구독,넷플릭스,신용카드,True,False
2026-05-27,4000,식비,맥도날드,체크카드,False,False
2026-08-29,"24,600",교통비,SK주유소,현금,False,True
2026-01-08,49000,쇼핑,올리브영,신용카드,False,False
2026-05-31,100000,교육,토익접수,체크카드,False,True
2026/02/16,16000,식비,구내식당,계좌이체,False,True
2026.11.18,14000,식비,삼겹살집,체크카드,False,False
2026-05-27,21000,문화/여가,야구장,체크카드,False,False
2026/03/26,"16,000",구독,쿠팡와우,신용카드,True,False
2026-06-02,16000,식비,맥도날드,계좌이체,False,False
2026-03-07,15000,식비,쿠팡이츠,현금,False,False
2026-01-06,22000,식비,투썸플레이스,계좌이체,False,False
2026-09-10,"11,200",교통비,택시,현금,False,False
2026-06-22,22300,교통비,버스,계좌이체,False,True
2026-09-15,24000,문화/여가,볼링장,신용카드,False,False
2026-09-11,10000,식비,구내식당,계좌이체,False,True
2026-09-27,43000,문화/여가,CGV,현금,False,False
2026-06-09,10000,구독,넷플릭스,신용카드,True,False
2026-01-18,9000,식비,구내식당,신용카드,False,True
2026-10-24,"6,000",문화/여가,CGV,현금,False,False
2026.09.24,32000,문화/여가,야구장,계좌이체,False,False
2026-09-22,"22,000",문화/여가,PC방,계좌이체,False,False
2026-02-07,53000,쇼핑,다이소,현금,False,True
2026-01-05,41000,문화/여가,교보문고,현금,False,False
2026-03-08,45000,문화/여가,볼링장,체크카드,False,False
2026-01-13,71000,쇼핑,네이버쇼핑,체크카드,False,False
2026-03-11,12000,의료/건강,치과,체크카드,False,True
2026-05-05,21100,교통비,지하철,현금,False,True
2026-08-03,19000,쇼핑,다이소,신용카드,False,True
2026-08-10,10300,교통비,택시,현금,False,False
2026-02-15,12000,식비,맥도날드,현금,False,False
2026-09-10,26000,문화/여가,볼링장,체크카드,False,False
2026-11-03,"14,000",식비,쿠팡이츠,신용카드,False,False
2026.05.18,46000,문화/여가,교보문고,계좌이체,False,False
2026.07.02,12400,교통비,카카오T,체크카드,False,True
2026-11-08,18000,문화/여가,PC방,계좌이체,False,False
2026-04-28,19800,교통비,GS칼텍스,계좌이체,False,True
2026-01-14,"15,000",식비,배달의민족,신용카드,False,False
2026-09-29,20000,식비,투썸플레이스,체크카드,False,False
2026/07/09,"23,000",쇼핑,유니클로,체크카드,False,False
2026-11-09,"70,000",교육,인프런,계좌이체,True,True
2026-01-14,21900,교통비,카카오T,현금,False,True
2026-05-15,6000,식비,김밥천국,계좌이체,False,True
2026-11-03,6300,교통비,GS칼텍스,계좌이체,False,True
2026-04-08,12000,식비,삼겹살집,체크카드,False,False
2026-01-14,"30,000",기타,더치페이,체크카드,False,False
2026-06-07,17000,식비,김밥천국,계좌이체,False,True
2026/08/30,12000,식비,배달의민족,계좌이체,False,False
2026-03-25,"13,000",문화/여가,교보문고,계좌이체,False,True
2026-02-07,70000,교육,교재구입,계좌이체,True,True
2026-07-01,17000,구독,멜론,신용카드,True,False
2026-03-26,6000,식비,맥도날드,현금,False,False
2026-10-15,"4,000",식비,맥도날드,신용카드,False,False
2026-01-19,18000,식비,GS25,계좌이체,False,True
2026-06-30,9000,식비,쿠팡이츠,체크카드,False,False
2026-08-11,17900,교통비,코레일,계좌이체,False,True
2026/01/11,111000,쇼핑,ZARA,계좌이체,False,False
2026-01-09,5700,교통비,지하철,현금,False,True
2026-07-01,14000,식비,투썸플레이스,체크카드,False,False
2026.07.31,136000,쇼핑,무신사,신용카드,False,False
2026-05-25,20000,주거/통신,도시가스,계좌이체,True,True
2026-08-25,"13,000",식비,스타벅스,신용카드,False,False
2026-07-06,"21,000",식비,구내식당,체크카드,False,True
2026-12-22,"14,000",식비,배달의민족,신용카드,False,False
2026-01-21,"33,000",문화/여가,PC방,신용카드,False,False
2026-08-19,24000,식비,쿠팡이츠,체크카드,False,False
2026-10-16,18000,구독,ChatGPT,신용카드,True,False
2026-05-03,"111,000",쇼핑,쿠팡,계좌이체,False,False
2026-03-08,24500,교통비,택시,계좌이체,False,False
2026-08-23,"13,000",쇼핑,무인양품,계좌이체,False,False
2026/06/21,30000,기타,경조사비,신용카드,False,False
2026-11-27,30000,문화/여가,야구장,신용카드,False,False
2026-03-05,"6,000",문화/여가,볼링장,현금,False,False
2026-03-09,"50,000",교육,영어 강의,계좌이체,True,True
2026-02-08,"11,000",문화/여가,교보문고,계좌이체,False,False
2026-12-23,22000,구독,쿠팡와우,신용카드,True,False
2026-08-05,"9,600",교통비,카카오T,신용카드,False,True
2026.07.09,130000,쇼핑,유니클로,신용카드,False,False
2026/04/11,"6,000",식비,배달의민족,현금,False,False
2026-10-06,"110,000",쇼핑,다이소,신용카드,False,True
2026-03-21,12000,식비,GS25,현금,False,True
2026/03/01,24000,식비,쿠팡이츠,현금,False,False
2026-12-10,10000,의료/건강,헬스장할부,계좌이체,False,True
2026-02-06,5000,문화/여가,교보문고,신용카드,False,True
2026-06-26,68000,쇼핑,네이버쇼핑,계좌이체,False,False
2026.11.09,"20,000",식비,구내식당,계좌이체,False,True
2026/12/04,69000,쇼핑,올리브영,체크카드,False,False
2026-01-17,"18,000",식비,스타벅스,신용카드,False,False
2026-07-30,12000,식비,김밥천국,현금,False,True
2026.02.18,"19,000",문화/여가,PC방,계좌이체,False,False
2026-01-31,21300,교통비,코레일,계좌이체,False,True
2026-10-05,"21,600",교통비,SK주유소,계좌이체,False,True
2026-02-18,7000,식비,투썸플레이스,체크카드,False,False
2026.02.12,21000,문화/여가,야구장,현금,False,False
2026-09-30,6000,식비,스타벅스,현금,False,False
2026-10-14,6000,식비,삼겹살집,현금,False,False
2026-11-12,10000,식비,쿠팡이츠,체크카드,False,False
2026-01-09,"80,000",교육,인프런,계좌이체,True,True
2026-02-13,27000,문화/여가,롯데월드,현금,False,False
2026-03-25,14700,교통비,GS칼텍스,신용카드,False,True
2026/11/06,10400,교통비,코레일,계좌이체,False,True
2026-05-21,15000,식비,김밥천국,계좌이체,False,False
2026-03-22,20000,주거/통신,도시가스,계좌이체,True,True
2026-06-30,38000,문화/여가,PC방,계좌이체,False,False
2026-08-24,30000,교육,영어 강의,현금,False,True
2026.07.12,13000,식비,맥도날드,체크카드,False,False
2026/11/20,4000,식비,투썸플레이스,계좌이체,False,False
2026-12-09,11000,식비,이마트24,계좌이체,False,True
2026-07-17,25000,식비,맥도날드,계좌이체,False,False
2026-06-14,27000,문화/여가,PC방,신용카드,False,False
2026.05.15,76000,쇼핑,올리브영,현금,False,False
2026-10-16,23000,식비,투썸플레이스,체크카드,False,False
2026-06-24,21000,식비,쿠팡이츠,현금,False,False
2026-06-13,90000,교육,인프런,현금,False,True
2026-09-16,"5,300",교통비,SK주유소,계좌이체,False,True
2026-06-11,"21,000",식비,김밥천국,체크카드,False,False
2026-03-23,4000,식비,GS25,신용카드,False,True
2026-08-20,89000,쇼핑,네이버쇼핑,체크카드,False,False
2026.06.05,"80,000",교육,영어 강의,체크카드,True,True
2026-01-29,6000,식비,이마트24,체크카드,False,True
2026-07-16,"24,000",구독,넷플릭스,신용카드,True,False
2026.08.12,"20,000",주거/통신,도시가스,계좌이체,True,True
2026-11-14,60000,기타,모임회비,신용카드,False,False
2026-03-23,14800,교통비,SK주유소,계좌이체,False,True
2026-11-03,13000,쇼핑,다이소,현금,False,True
2026-10-23,22000,식비,삼겹살집,신용카드,False,False
2026.11.17,"90,000",기타,모임회비,신용카드,False,False
2026.06.28,13000,의료/건강,정형외과,신용카드,False,True
2026-07-25,10000,식비,김밥천국,계좌이체,False,False
2026/08/28,1500,교통비,코레일,체크카드,False,True
2026.11.27,"8,400",교통비,SK주유소,계좌이체,False,True
2026-12-06,24100,교통비,택시,신용카드,False,False
2026/10/19,24900,교통비,코레일,신용카드,False,True
2026-02-28,32000,쇼핑,쿠팡,현금,False,False
2026-01-04,"137,000",쇼핑,무신사,체크카드,False,False
2026/08/05,"34,000",의료/건강,치과,계좌이체,False,True
2026-02-24,16000,식비,쿠팡이츠,계좌이체,False,False
2026-01-26,100000,교육,인프런,체크카드,True,True
2026-10-13,25000,의료/건강,헬스장할부,체크카드,False,True
2026.09.23,36000,의료/건강,헬스장할부,신용카드,False,True
2026-01-03,22000,식비,이마트24,체크카드,False,True
2026-02-27,22000,구독,유튜브프리미엄,신용카드,True,False
2026/12/15,"23,000",교통비,지하철,현금,False,True
2026-05-23,"13,100",교통비,버스,체크카드,False,True
2026-04-06,90000,기타,더치페이,신용카드,False,True
2026-08-29,"11,000",식비,투썸플레이스,신용카드,False,False
2026/06/24,115000,쇼핑,올리브영,신용카드,False,False
2026-05-25,24400,교통비,SK주유소,신용카드,False,True
2026-07-10,70000,교육,인프런,신용카드,True,True
2026-07-16,5900,교통비,지하철,계좌이체,False,True
2026-07-15,78000,쇼핑,무인양품,체크카드,False,False
2026-03-27,130000,쇼핑,다이소,신용카드,False,True
2026.10.25,11800,교통비,지하철,신용카드,False,True
2026-10-31,23000,문화/여가,볼링장,현금,False,True
2026-06-11,4300,교통비,SK주유소,신용카드,False,True
2026-07-29,"11,000",쇼핑,무신사,현금,False,False
2026-03-21,"7,200",교통비,코레일,신용카드,False,True
2026-06-23,14000,식비,구내식당,현금,False,True
2026-03-15,35000,쇼핑,다이소,신용카드,False,True
2026-07-24,149000,쇼핑,네이버쇼핑,신용카드,False,False
2026-05-02,136000,쇼핑,유니클로,체크카드,False,False
2026-09-26,"16,000",식비,이마트24,계좌이체,False,True
2026-02-21,8000,의료/건강,내과,체크카드,False,True
2026/08/14,121000,쇼핑,무신사,신용카드,False,False
2026-06-09,24000,식비,GS25,체크카드,False,True
2026-08-09,23000,쇼핑,ZARA,현금,False,False
2026-09-26,25000,식비,배달의민족,체크카드,False,False
2026-06-08,11000,식비,맥도날드,현금,False,False
2026-10-13,4200,교통비,버스,계좌이체,False,True
2026-01-27,"21,000",식비,김밥천국,신용카드,False,False
2026-11-09,1900,교통비,지하철,신용카드,False,True
2026-06-19,"15,000",식비,삼겹살집,계좌이체,False,False
2026-08-05,76000,쇼핑,쿠팡,신용카드,False,False
2026-10-04,7500,교통비,택시,체크카드,False,False
2026-01-12,19000,쇼핑,ZARA,신용카드,False,True
2026-08-22,6000,식비,삼겹살집,현금,False,False
2026/01/30,12000,구독,ChatGPT,신용카드,True,False
2026-10-31,17000,식비,김밥천국,신용카드,False,True
2026-09-25,30000,주거/통신,인터넷요금,계좌이체,True,True
2026/11/22,23000,식비,이마트24,계좌이체,False,True
2026-07-05,49000,문화/여가,CGV,체크카드,False,False
2026-06-12,30000,주거/통신,인터넷요금,계좌이체,True,True
2026-11-09,15000,식비,김밥천국,현금,False,True
2026-05-17,8000,쇼핑,무인양품,계좌이체,False,False
2026-10-31,12200,교통비,GS칼텍스,신용카드,False,False
2026-05-20,45000,쇼핑,무신사,체크카드,False,False
2026-05-27,150000,주거/통신,관리비,계좌이체,True,True
2026-02-02,13000,식비,투썸플레이스,현금,False,False
2026-06-29,45000,쇼핑,유니클로,신용카드,False,False
2026-07-11,7000,문화/여가,롯데월드,신용카드,False,False
2026-05-07,22500,교통비,코레일,현금,False,True
2026-07-29,17000,교통비,GS칼텍스,현금,False,True
2026-04-18,"43,000",문화/여가,CGV,현금,False,False
2026-06-17,"24,000",식비,김밥천국,계좌이체,False,True
2026-04-30,"10,000",쇼핑,쿠팡,계좌이체,False,False
2026-10-28,3600,교통비,카카오T,계좌이체,False,True
2026-10-28,"3,300",교통비,카카오T,계좌이체,False,True
2026-05-21,8200,교통비,코레일,신용카드,False,True
2026-10-03,7000,식비,김밥천국,현금,False,True
2026.12.25,30000,주거/통신,인터넷요금,계좌이체,True,True
2026-07-24,3600,교통비,코레일,신용카드,False,True
2026-04-30,"23,000",쇼핑,올리브영,현금,False,False
2026-12-28,21000,쇼핑,ZARA,계좌이체,False,False
2026-11-24,21200,교통비,GS칼텍스,체크카드,False,True
2026-06-11,24100,교통비,GS칼텍스,신용카드,False,True
2026.03.22,50000,기타,경조사비,신용카드,False,False
2026-07-01,7000,식비,배달의민족,체크카드,False,False
2026-07-27,"9,000",식비,삼겹살집,현금,False,False
2026/06/30,14000,식비,맥도날드,신용카드,False,False
2026-06-06,"7,500",교통비,GS칼텍스,체크카드,False,True
2026-11-14,13000,식비,스타벅스,체크카드,False,False
2026-03-09,17000,문화/여가,야구장,현금,False,False
2026-06-13,23700,교통비,버스,현금,False,True
2026-06-05,111000,쇼핑,쿠팡,계좌이체,False,False
2026-04-01,9000,식비,이마트24,계좌이체,False,True
2026-05-07,10000,의료/건강,치과,체크카드,False,True
2026-10-13,11000,쇼핑,올리브영,신용카드,False,False
2026-10-23,11000,식비,맥도날드,현금,False,False
2026-08-22,138000,쇼핑,다이소,신용카드,False,True
2026-04-16,24000,식비,투썸플레이스,현금,False,False
2026-05-22,21900,교통비,코레일,현금,False,True
2026.10.14,44000,문화/여가,CGV,계좌이체,False,False
2026.09.11,18000,식비,이마트24,신용카드,False,True
2026-04-25,10000,식비,스타벅스,현금,False,False
2026.11.02,"29,000",문화/여가,PC방,체크카드,False,False
2026/03/01,15000,식비,구내식당,계좌이체,False,True
2026-05-04,"23,000",의료/건강,약국,현금,False,True
2026.08.19,19000,문화/여가,교보문고,현금,False,False
2026-02-02,5000,식비,삼겹살집,신용카드,False,False
2026.02.20,"59,000",쇼핑,네이버쇼핑,체크카드,False,False
2026.09.05,"7,000",문화/여가,볼링장,현금,False,False
2026-04-25,"700,000",주거/통신,월세,계좌이체,True,True
2026-05-19,21000,식비,삼겹살집,현금,False,False
2026-05-03,22000,식비,구내식당,현금,False,True
2026-10-27,22000,식비,GS25,계좌이체,False,True
2026.05.09,32000,문화/여가,교보문고,계좌이체,False,False
2026-04-10,16000,식비,배달의민족,계좌이체,False,False
2026-01-28,"21,100",교통비,버스,현금,False,True
2026-11-25,700000,주거/통신,월세,계좌이체,True,True
2026-12-07,"80,000",교육,토익접수,신용카드,False,True
2026-07-15,13700,교통비,지하철,현금,False,True
2026-01-30,21000,문화/여가,볼링장,현금,False,False
2026-08-28,13000,문화/여가,CGV,체크카드,False,False
2026-02-11,4000,식비,투썸플레이스,현금,False,False
2026-06-06,"32,000",문화/여가,PC방,현금,False,False
2026/02/18,30000,주거/통신,도시가스,계좌이체,True,True
2026-09-03,"4,000",식비,맥도날드,신용카드,False,False
2026-01-11,"6,000",식비,삼겹살집,계좌이체,False,False
2026-05-10,8000,식비,삼겹살집,체크카드,False,False
2026-06-01,18000,식비,맥도날드,신용카드,False,False
2026.04.27,2200,교통비,SK주유소,현금,False,True
2026-01-01,20400,교통비,카카오T,계좌이체,False,True
2026-11-17,5000,식비,맥도날드,체크카드,False,False
2026-01-03,17000,식비,쿠팡이츠,현금,False,False
2026-10-15,"19,000",식비,삼겹살집,계좌이체,False,False
2026.01.06,30000,주거/통신,인터넷요금,계좌이체,True,True
2026-09-13,"40,000",문화/여가,교보문고,신용카드,False,False
2026-09-10,11000,식비,GS25,현금,False,True
2026-05-03,20000,식비,김밥천국,현금,False,True
2026-04-04,23000,식비,이마트24,계좌이체,False,False
2026-09-28,17000,식비,투썸플레이스,계좌이체,False,False
2026-05-04,19000,식비,스타벅스,체크카드,False,False
2026.02.18,"22,000",식비,GS25,신용카드,False,True
2026-12-21,"23,200",교통비,코레일,체크카드,False,True
2026-04-20,"20,000",주거/통신,도시가스,계좌이체,True,True
2026-10-28,"1,900",교통비,SK주유소,계좌이체,False,True
2026-07-13,23000,식비,GS25,체크카드,False,True
2026-06-18,18000,쇼핑,무신사,현금,False,False
2026-01-01,"3,800",교통비,카카오T,현금,False,True
2026.06.17,7800,교통비,택시,현금,False,False
2026.04.19,18200,교통비,코레일,계좌이체,False,True
2026-10-12,48000,쇼핑,네이버쇼핑,계좌이체,False,False
2026-04-05,19000,구독,ChatGPT,신용카드,True,False
2026.02.01,14000,구독,멜론,신용카드,True,False
2026/07/29,1700,교통비,택시,계좌이체,False,False
2026-05-30,"15,000",식비,쿠팡이츠,신용카드,False,False
2026.10.16,34000,문화/여가,야구장,현금,False,False
2026-09-02,"45,000",의료/건강,약국,신용카드,False,True
2026-12-20,20000,의료/건강,정형외과,체크카드,False,True
2026-03-11,"16,000",쇼핑,다이소,현금,False,True
2026-04-19,66000,쇼핑,다이소,현금,False,True
2026-10-16,"19,300",교통비,버스,체크카드,False,True
2026/07/03,"30,000",주거/통신,인터넷요금,계좌이체,True,True
2026.09.09,"60,000",교육,토익접수,현금,False,True
2026-08-19,"22,500",교통비,SK주유소,체크카드,False,True
2026-11-18,18000,구독,쿠팡와우,신용카드,True,False
2026-08-04,41000,의료/건강,약국,계좌이체,False,True
2026-08-26,24000,식비,투썸플레이스,현금,False,True
2026-04-30,"6,000",식비,스타벅스,체크카드,False,False
2026-01-11,23700,교통비,코레일,체크카드,False,True
2026.07.09,5800,교통비,GS칼텍스,신용카드,False,True
2026-09-15,30000,교육,토익접수,체크카드,True,True
2026-04-18,13000,식비,김밥천국,현금,False,True
2026-12-30,"20,500",교통비,카카오T,체크카드,False,False
2026/08/15,17000,교통비,코레일,신용카드,False,True
2026-11-02,5000,문화/여가,볼링장,체크카드,False,False
2026-11-29,3500,교통비,버스,신용카드,False,True
2026-12-21,"69,000",쇼핑,다이소,신용카드,False,True
2026-05-28,18000,문화/여가,볼링장,계좌이체,False,False
2026-02-26,50000,쇼핑,무신사,현금,False,False
2026-01-01,"18,000",구독,쿠팡와우,신용카드,True,False
2026-04-17,44000,의료/건강,약국,체크카드,False,True
2026/05/08,8000,문화/여가,볼링장,계좌이체,False,False
2026-06-28,14000,식비,GS25,계좌이체,False,True
2026-07-30,14000,식비,이마트24,계좌이체,False,True
2026-09-03,4000,식비,쿠팡이츠,현금,False,False
2026/02/28,39000,문화/여가,야구장,계좌이체,False,False
2026-06-22,17000,식비,맥도날드,현금,False,False
2026-08-28,84000,쇼핑,유니클로,현금,False,False
2026-06-14,60000,기타,경조사비,체크카드,False,False
2026-04-26,7000,문화/여가,CGV,현금,False,False
2026-05-06,20000,식비,배달의민족,현금,False,False
2026-10-14,40000,기타,더치페이,현금,False,False
2026-11-18,70000,교육,교재구입,신용카드,False,True
2026-04-09,106000,쇼핑,쿠팡,체크카드,False,False
2026-12-14,"47,000",문화/여가,야구장,체크카드,False,False
2026-01-16,"28,000",쇼핑,유니클로,체크카드,False,False
2026-06-29,80000,주거/통신,SKT통신비,계좌이체,True,True
2026-02-15,"1,700",교통비,SK주유소,신용카드,False,True
2026-07-08,46000,쇼핑,다이소,신용카드,False,True
2026-12-15,21000,쇼핑,무인양품,계좌이체,False,False
2026.04.11,"6,000",식비,이마트24,현금,False,True
2026-10-09,20000,교육,영어 강의,계좌이체,False,True
2026-12-19,43000,의료/건강,헬스장할부,체크카드,False,True
2026/03/02,21000,구독,넷플릭스,신용카드,True,False
2026.10.23,1600,교통비,택시,신용카드,False,False
2026/11/04,"60,000",주거/통신,SKT통신비,계좌이체,True,True
2026-07-08,10000,식비,스타벅스,현금,False,True
2026-05-09,30000,주거/통신,인터넷요금,계좌이체,True,True
2026-05-27,19000,식비,배달의민족,신용카드,False,False
2026-02-20,10000,식비,GS25,계좌이체,False,True
2026-09-09,"18,900",교통비,GS칼텍스,신용카드,False,True
2026.07.22,12000,식비,쿠팡이츠,신용카드,False,False
2026-05-12,"19,000",식비,김밥천국,계좌이체,False,True
2026-03-05,44000,문화/여가,PC방,체크카드,False,False
